m_frontWing,m_rearWing,m_onThrottle,m_offThrottle,m_frontCamber,m_rearCamber,m_frontToe,m_rearToe,m_frontSuspension,m_rearSuspension,m_frontAntiRollBar,m_rearAntiRollBar,m_frontSuspensionHeight,m_rearSuspensionHeight,m_brakePressure,m_brakeBias,m_rearLeftTyrePressure,m_rearRightTyrePressure,m_frontLeftTyrePressure,m_frontRightTyrePressure,m_ballast,m_fuelLoad
14,16,65,55,-2.9000000953674316,-1.399999976158142,0.05000000074505806,0.25,40,11,11,1,35,40,100,63,20.299999237060547,20.299999237060547,22.700000762939453,22.700000762939453,6,10
14,16,65,55,-2.9000000953674316,-1.399999976158142,0.05000000074505806,0.25,40,11,11,1,35,40,100,63,20.299999237060547,20.299999237060547,22.700000762939453,22.700000762939453,6,10
14,16,65,55,-2.9000000953674316,-1.399999976158142,0.05000000074505806,0.25,40,11,11,1,35,40,100,63,20.299999237060547,20.299999237060547,22.700000762939453,22.700000762939453,6,10
14,16,65,55,-2.9000000953674316,-1.399999976158142,0.05000000074505806,0.25,40,11,11,1,35,40,100,63,20.299999237060547,20.299999237060547,22.700000762939453,22.700000762939453,6,10
14,16,65,55,-2.9000000953674316,-1.399999976158142,0.05000000074505806,0.25,40,11,11,1,35,40,100,63,20.299999237060547,20.299999237060547,22.700000762939453,22.700000762939453,6,10
14,16,65,55,-2.9000000953674316,-1.399999976158142,0.05000000074505806,0.25,40,11,11,1,35,40,100,63,20.299999237060547,20.299999237060547,22.700000762939453,22.700000762939453,6,10
14,16,65,55,-2.9000000953674316,-1.399999976158142,0.05000000074505806,0.25,40,11,11,1,35,40,100,63,20.299999237060547,20.299999237060547,22.700000762939453,22.700000762939453,6,10
14,16,65,55,-2.9000000953674316,-1.399999976158142,0.05000000074505806,0.25,40,11,11,1,35,40,100,63,20.299999237060547,20.299999237060547,22.700000762939453,22.700000762939453,6,10
14,16,65,55,-2.9000000953674316,-1.399999976158142,0.05000000074505806,0.25,40,11,11,1,35,40,100,63,20.299999237060547,20.299999237060547,22.700000762939453,22.700000762939453,6,10
14,16,65,55,-2.9000000953674316,-1.399999976158142,0.05000000074505806,0.25,40,11,11,1,35,40,100,63,20.299999237060547,20.299999237060547,22.700000762939453,22.700000762939453,6,10
14,16,65,55,-2.9000000953674316,-1.399999976158142,0.05000000074505806,0.25,40,11,11,1,35,40,100,63,20.299999237060547,20.299999237060547,22.700000762939453,22.700000762939453,6,10
14,16,65,55,-2.9000000953674316,-1.399999976158142,0.05000000074505806,0.25,40,11,11,1,35,40,100,63,20.299999237060547,20.299999237060547,22.700000762939453,22.700000762939453,6,10
14,16,65,55,-2.9000000953674316,-1.399999976158142,0.05000000074505806,0.25,40,11,11,1,35,40,100,63,20.299999237060547,20.299999237060547,22.700000762939453,22.700000762939453,6,10
14,16,65,55,-2.9000000953674316,-1.399999976158142,0.05000000074505806,0.25,40,11,11,1,35,40,100,63,20.299999237060547,20.299999237060547,22.700000762939453,22.700000762939453,6,10
14,16,65,55,-2.9000000953674316,-1.399999976158142,0.05000000074505806,0.25,40,11,11,1,35,40,100,63,20.299999237060547,20.299999237060547,22.700000762939453,22.700000762939453,6,10
14,16,65,55,-2.9000000953674316,-1.399999976158142,0.05000000074505806,0.25,40,11,11,1,35,40,100,63,20.299999237060547,20.299999237060547,22.700000762939453,22.700000762939453,6,10
14,16,65,55,-2.9000000953674316,-1.399999976158142,0.05000000074505806,0.25,40,11,11,1,35,40,100,63,20.299999237060547,20.299999237060547,22.700000762939453,22.700000762939453,6,10
14,16,65,55,-2.9000000953674316,-1.399999976158142,0.05000000074505806,0.25,40,11,11,1,35,40,100,63,20.299999237060547,20.299999237060547,22.700000762939453,22.700000762939453,6,10
14,16,65,55,-2.9000000953674316,-1.399999976158142,0.05000000074505806,0.25,40,11,11,1,35,40,100,63,20.299999237060547,20.299999237060547,22.700000762939453,22.700000762939453,6,10
14,16,65,55,-2.9000000953674316,-1.399999976158142,0.05000000074505806,0.25,40,11,11,1,35,40,100,63,20.299999237060547,20.299999237060547,22.700000762939453,22.700000762939453,6,10
14,16,65,55,-2.9000000953674316,-1.399999976158142,0.05000000074505806,0.25,40,11,11,1,35,40,100,63,20.299999237060547,20.299999237060547,22.700000762939453,22.700000762939453,6,10
14,16,65,55,-2.9000000953674316,-1.399999976158142,0.05000000074505806,0.25,40,11,11,1,35,40,100,63,20.299999237060547,20.299999237060547,22.700000762939453,22.700000762939453,6,10
14,16,65,55,-2.9000000953674316,-1.399999976158142,0.05000000074505806,0.25,40,11,11,1,35,40,100,63,20.299999237060547,20.299999237060547,22.700000762939453,22.700000762939453,6,10
14,16,65,55,-2.9000000953674316,-1.399999976158142,0.05000000074505806,0.25,40,11,11,1,35,40,100,63,20.299999237060547,20.299999237060547,22.700000762939453,22.700000762939453,6,10
14,16,65,55,-2.9000000953674316,-1.399999976158142,0.05000000074505806,0.25,40,11,11,1,35,40,100,63,20.299999237060547,20.299999237060547,22.700000762939453,22.700000762939453,6,10
14,16,65,55,-2.9000000953674316,-1.399999976158142,0.05000000074505806,0.25,40,11,11,1,35,40,100,63,20.299999237060547,20.299999237060547,22.700000762939453,22.700000762939453,6,10
14,16,65,55,-2.9000000953674316,-1.399999976158142,0.05000000074505806,0.25,40,11,11,1,35,40,100,63,20.299999237060547,20.299999237060547,22.700000762939453,22.700000762939453,6,10
14,16,65,55,-2.9000000953674316,-1.399999976158142,0.05000000074505806,0.25,40,11,11,1,35,40,100,63,20.299999237060547,20.299999237060547,22.700000762939453,22.700000762939453,6,10
14,16,65,55,-2.9000000953674316,-1.399999976158142,0.05000000074505806,0.25,40,11,11,1,35,40,100,63,20.299999237060547,20.299999237060547,22.700000762939453,22.700000762939453,6,10
14,16,65,55,-2.9000000953674316,-1.399999976158142,0.05000000074505806,0.25,40,11,11,1,35,40,100,63,20.299999237060547,20.299999237060547,22.700000762939453,22.700000762939453,6,10
14,16,65,55,-2.9000000953674316,-1.399999976158142,0.05000000074505806,0.25,40,11,11,1,35,40,100,63,20.299999237060547,20.299999237060547,22.700000762939453,22.700000762939453,6,10
14,16,65,55,-2.9000000953674316,-1.399999976158142,0.05000000074505806,0.25,40,11,11,1,35,40,100,63,20.299999237060547,20.299999237060547,22.700000762939453,22.700000762939453,6,10
14,16,65,55,-2.9000000953674316,-1.399999976158142,0.05000000074505806,0.25,40,11,11,1,35,40,100,63,20.299999237060547,20.299999237060547,22.700000762939453,22.700000762939453,6,10
14,16,65,55,-2.9000000953674316,-1.399999976158142,0.05000000074505806,0.25,40,11,11,1,35,40,100,63,20.299999237060547,20.299999237060547,22.700000762939453,22.700000762939453,6,10
14,16,65,55,-2.9000000953674316,-1.399999976158142,0.05000000074505806,0.25,40,11,11,1,35,40,100,63,20.299999237060547,20.299999237060547,22.700000762939453,22.700000762939453,6,10
14,16,65,55,-2.9000000953674316,-1.399999976158142,0.05000000074505806,0.25,40,11,11,1,35,40,100,63,20.299999237060547,20.299999237060547,22.700000762939453,22.700000762939453,6,10
14,16,65,55,-2.9000000953674316,-1.399999976158142,0.05000000074505806,0.25,40,11,11,1,35,40,100,63,20.299999237060547,20.299999237060547,22.700000762939453,22.700000762939453,6,10
14,16,65,55,-2.9000000953674316,-1.399999976158142,0.05000000074505806,0.25,40,11,11,1,35,40,100,63,20.299999237060547,20.299999237060547,22.700000762939453,22.700000762939453,6,10
14,16,65,55,-2.9000000953674316,-1.399999976158142,0.05000000074505806,0.25,40,11,11,1,35,40,100,63,20.299999237060547,20.299999237060547,22.700000762939453,22.700000762939453,6,10
14,16,65,55,-2.9000000953674316,-1.399999976158142,0.05000000074505806,0.25,40,11,11,1,35,40,100,63,20.299999237060547,20.299999237060547,22.700000762939453,22.700000762939453,6,10
14,16,65,55,-2.9000000953674316,-1.399999976158142,0.05000000074505806,0.25,40,11,11,1,35,40,100,63,20.299999237060547,20.299999237060547,22.700000762939453,22.700000762939453,6,10
14,16,65,55,-2.9000000953674316,-1.399999976158142,0.05000000074505806,0.25,40,11,11,1,35,40,100,63,20.299999237060547,20.299999237060547,22.700000762939453,22.700000762939453,6,10
14,16,65,55,-2.9000000953674316,-1.399999976158142,0.05000000074505806,0.25,40,11,11,1,35,40,100,63,20.299999237060547,20.299999237060547,22.700000762939453,22.700000762939453,6,10
14,16,65,55,-2.9000000953674316,-1.399999976158142,0.05000000074505806,0.25,40,11,11,1,35,40,100,63,20.299999237060547,20.299999237060547,22.700000762939453,22.700000762939453,6,10
14,16,65,55,-2.9000000953674316,-1.399999976158142,0.05000000074505806,0.25,40,11,11,1,35,40,100,63,20.299999237060547,20.299999237060547,22.700000762939453,22.700000762939453,6,10
14,16,65,55,-2.9000000953674316,-1.399999976158142,0.05000000074505806,0.25,40,11,11,1,35,40,100,63,20.299999237060547,20.299999237060547,22.700000762939453,22.700000762939453,6,10
14,16,65,55,-2.9000000953674316,-1.399999976158142,0.05000000074505806,0.25,40,11,11,1,35,40,100,63,20.299999237060547,20.299999237060547,22.700000762939453,22.700000762939453,6,10
14,16,65,55,-2.9000000953674316,-1.399999976158142,0.05000000074505806,0.25,40,11,11,1,35,40,100,63,20.299999237060547,20.299999237060547,22.700000762939453,22.700000762939453,6,10
14,16,65,55,-2.9000000953674316,-1.399999976158142,0.05000000074505806,0.25,40,11,11,1,35,40,100,63,20.299999237060547,20.299999237060547,22.700000762939453,22.700000762939453,6,10
14,16,65,55,-2.9000000953674316,-1.399999976158142,0.05000000074505806,0.25,40,11,11,1,35,40,100,63,20.299999237060547,20.299999237060547,22.700000762939453,22.700000762939453,6,10
14,16,65,55,-2.9000000953674316,-1.399999976158142,0.05000000074505806,0.25,40,11,11,1,35,40,100,63,20.299999237060547,20.299999237060547,22.700000762939453,22.700000762939453,6,10
14,16,65,55,-2.9000000953674316,-1.399999976158142,0.05000000074505806,0.25,40,11,11,1,35,40,100,63,20.299999237060547,20.299999237060547,22.700000762939453,22.700000762939453,6,10
14,16,65,55,-2.9000000953674316,-1.399999976158142,0.05000000074505806,0.25,40,11,11,1,35,40,100,63,20.299999237060547,20.299999237060547,22.700000762939453,22.700000762939453,6,10
14,16,65,55,-2.9000000953674316,-1.399999976158142,0.05000000074505806,0.25,40,11,11,1,35,40,100,63,20.299999237060547,20.299999237060547,22.700000762939453,22.700000762939453,6,10
14,16,65,55,-2.9000000953674316,-1.399999976158142,0.05000000074505806,0.25,40,11,11,1,35,40,100,63,20.299999237060547,20.299999237060547,22.700000762939453,22.700000762939453,6,10
14,16,65,55,-2.9000000953674316,-1.399999976158142,0.05000000074505806,0.25,40,11,11,1,35,40,100,63,20.299999237060547,20.299999237060547,22.700000762939453,22.700000762939453,6,10
14,16,65,55,-2.9000000953674316,-1.399999976158142,0.05000000074505806,0.25,40,11,11,1,35,40,100,63,20.299999237060547,20.299999237060547,22.700000762939453,22.700000762939453,6,10
14,16,65,55,-2.9000000953674316,-1.399999976158142,0.05000000074505806,0.25,40,11,11,1,35,40,100,63,20.299999237060547,20.299999237060547,22.700000762939453,22.700000762939453,6,10
14,16,65,55,-2.9000000953674316,-1.399999976158142,0.05000000074505806,0.25,40,11,11,1,35,40,100,63,20.299999237060547,20.299999237060547,22.700000762939453,22.700000762939453,6,10
14,16,65,55,-2.9000000953674316,-1.399999976158142,0.05000000074505806,0.25,40,11,11,1,35,40,100,63,20.299999237060547,20.299999237060547,22.700000762939453,22.700000762939453,6,10
14,16,65,55,-2.9000000953674316,-1.399999976158142,0.05000000074505806,0.25,40,11,11,1,35,40,100,63,20.299999237060547,20.299999237060547,22.700000762939453,22.700000762939453,6,10
14,16,65,55,-2.9000000953674316,-1.399999976158142,0.05000000074505806,0.25,40,11,11,1,35,40,100,63,20.299999237060547,20.299999237060547,22.700000762939453,22.700000762939453,6,10
14,16,65,55,-2.9000000953674316,-1.399999976158142,0.05000000074505806,0.25,40,11,11,1,35,40,100,63,20.299999237060547,20.299999237060547,22.700000762939453,22.700000762939453,6,10
14,16,65,55,-2.9000000953674316,-1.399999976158142,0.05000000074505806,0.25,40,11,11,1,35,40,100,63,20.299999237060547,20.299999237060547,22.700000762939453,22.700000762939453,6,10
14,16,65,55,-2.9000000953674316,-1.399999976158142,0.05000000074505806,0.25,40,11,11,1,35,40,100,63,20.299999237060547,20.299999237060547,22.700000762939453,22.700000762939453,6,10
14,16,65,55,-2.9000000953674316,-1.399999976158142,0.05000000074505806,0.25,40,11,11,1,35,40,100,63,20.299999237060547,20.299999237060547,22.700000762939453,22.700000762939453,6,10
14,16,65,55,-2.9000000953674316,-1.399999976158142,0.05000000074505806,0.25,40,11,11,1,35,40,100,63,20.299999237060547,20.299999237060547,22.700000762939453,22.700000762939453,6,10
14,16,65,55,-2.9000000953674316,-1.399999976158142,0.05000000074505806,0.25,40,11,11,1,35,40,100,63,20.299999237060547,20.299999237060547,22.700000762939453,22.700000762939453,6,10
14,16,65,55,-2.9000000953674316,-1.399999976158142,0.05000000074505806,0.25,40,11,11,1,35,40,100,63,20.299999237060547,20.299999237060547,22.700000762939453,22.700000762939453,6,10
14,16,65,55,-2.9000000953674316,-1.399999976158142,0.05000000074505806,0.25,40,11,11,1,35,40,100,63,20.299999237060547,20.299999237060547,22.700000762939453,22.700000762939453,6,10
14,16,65,55,-2.9000000953674316,-1.399999976158142,0.05000000074505806,0.25,40,11,11,1,35,40,100,63,20.299999237060547,20.299999237060547,22.700000762939453,22.700000762939453,6,10
14,16,65,55,-2.9000000953674316,-1.399999976158142,0.05000000074505806,0.25,40,11,11,1,35,40,100,63,20.299999237060547,20.299999237060547,22.700000762939453,22.700000762939453,6,10
14,16,65,55,-2.9000000953674316,-1.399999976158142,0.05000000074505806,0.25,40,11,11,1,35,40,100,63,20.299999237060547,20.299999237060547,22.700000762939453,22.700000762939453,6,10
14,16,65,55,-2.9000000953674316,-1.399999976158142,0.05000000074505806,0.25,40,11,11,1,35,40,100,63,20.299999237060547,20.299999237060547,22.700000762939453,22.700000762939453,6,10
14,16,65,55,-2.9000000953674316,-1.399999976158142,0.05000000074505806,0.25,40,11,11,1,35,40,100,63,20.299999237060547,20.299999237060547,22.700000762939453,22.700000762939453,6,10
14,16,65,55,-2.9000000953674316,-1.399999976158142,0.05000000074505806,0.25,40,11,11,1,35,40,100,63,20.299999237060547,20.299999237060547,22.700000762939453,22.700000762939453,6,10
14,16,65,55,-2.9000000953674316,-1.399999976158142,0.05000000074505806,0.25,40,11,11,1,35,40,100,63,20.299999237060547,20.299999237060547,22.700000762939453,22.700000762939453,6,10
14,16,65,55,-2.9000000953674316,-1.399999976158142,0.05000000074505806,0.25,40,11,11,1,35,40,100,63,20.299999237060547,20.299999237060547,22.700000762939453,22.700000762939453,6,10
14,16,65,55,-2.9000000953674316,-1.399999976158142,0.05000000074505806,0.25,40,11,11,1,35,40,100,63,20.299999237060547,20.299999237060547,22.700000762939453,22.700000762939453,6,10
14,16,65,55,-2.9000000953674316,-1.399999976158142,0.05000000074505806,0.25,40,11,11,1,35,40,100,63,20.299999237060547,20.299999237060547,22.700000762939453,22.700000762939453,6,10
14,16,65,55,-2.9000000953674316,-1.399999976158142,0.05000000074505806,0.25,40,11,11,1,35,40,100,63,20.299999237060547,20.299999237060547,22.700000762939453,22.700000762939453,6,10
14,16,65,55,-2.9000000953674316,-1.399999976158142,0.05000000074505806,0.25,40,11,11,1,35,40,100,63,20.299999237060547,20.299999237060547,22.700000762939453,22.700000762939453,6,10
14,16,65,55,-2.9000000953674316,-1.399999976158142,0.05000000074505806,0.25,40,11,11,1,35,40,100,63,20.299999237060547,20.299999237060547,22.700000762939453,22.700000762939453,6,10
14,16,65,55,-2.9000000953674316,-1.399999976158142,0.05000000074505806,0.25,40,11,11,1,35,40,100,63,20.299999237060547,20.299999237060547,22.700000762939453,22.700000762939453,6,10
14,16,65,55,-2.9000000953674316,-1.399999976158142,0.05000000074505806,0.25,40,11,11,1,35,40,100,63,20.299999237060547,20.299999237060547,22.700000762939453,22.700000762939453,6,10
14,16,65,55,-2.9000000953674316,-1.399999976158142,0.05000000074505806,0.25,40,11,11,1,35,40,100,63,20.299999237060547,20.299999237060547,22.700000762939453,22.700000762939453,6,10
14,16,65,55,-2.9000000953674316,-1.399999976158142,0.05000000074505806,0.25,40,11,11,1,35,40,100,63,20.299999237060547,20.299999237060547,22.700000762939453,22.700000762939453,6,10
14,16,65,55,-2.9000000953674316,-1.399999976158142,0.05000000074505806,0.25,40,11,11,1,35,40,100,63,20.299999237060547,20.299999237060547,22.700000762939453,22.700000762939453,6,10
14,16,65,55,-2.9000000953674316,-1.399999976158142,0.05000000074505806,0.25,40,11,11,1,35,40,100,63,20.299999237060547,20.299999237060547,22.700000762939453,22.700000762939453,6,10
14,16,65,55,-2.9000000953674316,-1.399999976158142,0.05000000074505806,0.25,40,11,11,1,35,40,100,63,20.299999237060547,20.299999237060547,22.700000762939453,22.700000762939453,6,10
14,16,65,55,-2.9000000953674316,-1.399999976158142,0.05000000074505806,0.25,40,11,11,1,35,40,100,63,20.299999237060547,20.299999237060547,22.700000762939453,22.700000762939453,6,10
14,16,65,55,-2.9000000953674316,-1.399999976158142,0.05000000074505806,0.25,40,11,11,1,35,40,100,63,20.299999237060547,20.299999237060547,22.700000762939453,22.700000762939453,6,10
14,16,65,55,-2.9000000953674316,-1.399999976158142,0.05000000074505806,0.25,40,11,11,1,35,40,100,63,20.299999237060547,20.299999237060547,22.700000762939453,22.700000762939453,6,10
14,16,65,55,-2.9000000953674316,-1.399999976158142,0.05000000074505806,0.25,40,11,11,1,35,40,100,63,20.299999237060547,20.299999237060547,22.700000762939453,22.700000762939453,6,10
14,16,65,55,-2.9000000953674316,-1.399999976158142,0.05000000074505806,0.25,40,11,11,1,35,40,100,63,20.299999237060547,20.299999237060547,22.700000762939453,22.700000762939453,6,10
14,16,65,55,-2.9000000953674316,-1.399999976158142,0.05000000074505806,0.25,40,11,11,1,35,40,100,63,20.299999237060547,20.299999237060547,22.700000762939453,22.700000762939453,6,10
14,16,65,55,-2.9000000953674316,-1.399999976158142,0.05000000074505806,0.25,40,11,11,1,35,40,100,63,20.299999237060547,20.299999237060547,22.700000762939453,22.700000762939453,6,10
14,16,65,55,-2.9000000953674316,-1.399999976158142,0.05000000074505806,0.25,40,11,11,1,35,40,100,63,20.299999237060547,20.299999237060547,22.700000762939453,22.700000762939453,6,10
14,16,65,55,-2.9000000953674316,-1.399999976158142,0.05000000074505806,0.25,40,11,11,1,35,40,100,63,20.299999237060547,20.299999237060547,22.700000762939453,22.700000762939453,6,10
14,16,65,55,-2.9000000953674316,-1.399999976158142,0.05000000074505806,0.25,40,11,11,1,35,40,100,63,20.299999237060547,20.299999237060547,22.700000762939453,22.700000762939453,6,10
14,16,65,55,-2.9000000953674316,-1.399999976158142,0.05000000074505806,0.25,40,11,11,1,35,40,100,63,20.299999237060547,20.299999237060547,22.700000762939453,22.700000762939453,6,10
14,16,65,55,-2.9000000953674316,-1.399999976158142,0.05000000074505806,0.25,40,11,11,1,35,40,100,63,20.299999237060547,20.299999237060547,22.700000762939453,22.700000762939453,6,10
14,16,65,55,-2.9000000953674316,-1.399999976158142,0.05000000074505806,0.25,40,11,11,1,35,40,100,63,20.299999237060547,20.299999237060547,22.700000762939453,22.700000762939453,6,10
14,16,65,55,-2.9000000953674316,-1.399999976158142,0.05000000074505806,0.25,40,11,11,1,35,40,100,63,20.299999237060547,20.299999237060547,22.700000762939453,22.700000762939453,6,10
14,16,65,55,-2.9000000953674316,-1.399999976158142,0.05000000074505806,0.25,40,11,11,1,35,40,100,63,20.299999237060547,20.299999237060547,22.700000762939453,22.700000762939453,6,10
14,16,65,55,-2.9000000953674316,-1.399999976158142,0.05000000074505806,0.25,40,11,11,1,35,40,100,63,20.299999237060547,20.299999237060547,22.700000762939453,22.700000762939453,6,10
14,16,65,55,-2.9000000953674316,-1.399999976158142,0.05000000074505806,0.25,40,11,11,1,35,40,100,63,20.299999237060547,20.299999237060547,22.700000762939453,22.700000762939453,6,10
14,16,65,55,-2.9000000953674316,-1.399999976158142,0.05000000074505806,0.25,40,11,11,1,35,40,100,63,20.299999237060547,20.299999237060547,22.700000762939453,22.700000762939453,6,10
14,16,65,55,-2.9000000953674316,-1.399999976158142,0.05000000074505806,0.25,40,11,11,1,35,40,100,63,20.299999237060547,20.299999237060547,22.700000762939453,22.700000762939453,6,10
14,16,65,55,-2.9000000953674316,-1.399999976158142,0.05000000074505806,0.25,40,11,11,1,35,40,100,63,20.299999237060547,20.299999237060547,22.700000762939453,22.700000762939453,6,10
14,16,65,55,-2.9000000953674316,-1.399999976158142,0.05000000074505806,0.25,40,11,11,1,35,40,100,63,20.299999237060547,20.299999237060547,22.700000762939453,22.700000762939453,6,10
14,16,65,55,-2.9000000953674316,-1.399999976158142,0.05000000074505806,0.25,40,11,11,1,35,40,100,63,20.299999237060547,20.299999237060547,22.700000762939453,22.700000762939453,6,10
14,16,65,55,-2.9000000953674316,-1.399999976158142,0.05000000074505806,0.25,40,11,11,1,35,40,100,63,20.299999237060547,20.299999237060547,22.700000762939453,22.700000762939453,6,10
14,16,65,55,-2.9000000953674316,-1.399999976158142,0.05000000074505806,0.25,40,11,11,1,35,40,100,63,20.299999237060547,20.299999237060547,22.700000762939453,22.700000762939453,6,10
14,16,65,55,-2.9000000953674316,-1.399999976158142,0.05000000074505806,0.25,40,11,11,1,35,40,100,63,20.299999237060547,20.299999237060547,22.700000762939453,22.700000762939453,6,10
14,16,65,55,-2.9000000953674316,-1.399999976158142,0.05000000074505806,0.25,40,11,11,1,35,40,100,63,20.299999237060547,20.299999237060547,22.700000762939453,22.700000762939453,6,10
14,16,65,55,-2.9000000953674316,-1.399999976158142,0.05000000074505806,0.25,40,11,11,1,35,40,100,63,20.299999237060547,20.299999237060547,22.700000762939453,22.700000762939453,6,10
14,16,65,55,-2.9000000953674316,-1.399999976158142,0.05000000074505806,0.25,40,11,11,1,35,40,100,63,20.299999237060547,20.299999237060547,22.700000762939453,22.700000762939453,6,10
14,16,65,55,-2.9000000953674316,-1.399999976158142,0.05000000074505806,0.25,40,11,11,1,35,40,100,63,20.299999237060547,20.299999237060547,22.700000762939453,22.700000762939453,6,10
14,16,65,55,-2.9000000953674316,-1.399999976158142,0.05000000074505806,0.25,40,11,11,1,35,40,100,63,20.299999237060547,20.299999237060547,22.700000762939453,22.700000762939453,6,10
14,16,65,55,-2.9000000953674316,-1.399999976158142,0.05000000074505806,0.25,40,11,11,1,35,40,100,63,20.299999237060547,20.299999237060547,22.700000762939453,22.700000762939453,6,10
14,16,65,55,-2.9000000953674316,-1.399999976158142,0.05000000074505806,0.25,40,11,11,1,35,40,100,63,20.299999237060547,20.299999237060547,22.700000762939453,22.700000762939453,6,10
14,16,65,55,-2.9000000953674316,-1.399999976158142,0.05000000074505806,0.25,40,11,11,1,35,40,100,63,20.299999237060547,20.299999237060547,22.700000762939453,22.700000762939453,6,10
14,16,65,55,-2.9000000953674316,-1.399999976158142,0.05000000074505806,0.25,40,11,11,1,35,40,100,63,20.299999237060547,20.299999237060547,22.700000762939453,22.700000762939453,6,10
14,16,65,55,-2.9000000953674316,-1.399999976158142,0.05000000074505806,0.25,40,11,11,1,35,40,100,63,20.299999237060547,20.299999237060547,22.700000762939453,22.700000762939453,6,10
14,16,65,55,-2.9000000953674316,-1.399999976158142,0.05000000074505806,0.25,40,11,11,1,35,40,100,63,20.299999237060547,20.299999237060547,22.700000762939453,22.700000762939453,6,10
14,16,65,55,-2.9000000953674316,-1.399999976158142,0.05000000074505806,0.25,40,11,11,1,35,40,100,63,20.299999237060547,20.299999237060547,22.700000762939453,22.700000762939453,6,10
14,16,65,55,-2.9000000953674316,-1.399999976158142,0.05000000074505806,0.25,40,11,11,1,35,40,100,63,20.299999237060547,20.299999237060547,22.700000762939453,22.700000762939453,6,10
14,16,65,55,-2.9000000953674316,-1.399999976158142,0.05000000074505806,0.25,40,11,11,1,35,40,100,63,20.299999237060547,20.299999237060547,22.700000762939453,22.700000762939453,6,10
14,16,65,55,-2.9000000953674316,-1.399999976158142,0.05000000074505806,0.25,40,11,11,1,35,40,100,63,20.299999237060547,20.299999237060547,22.700000762939453,22.700000762939453,6,10
14,16,65,55,-2.9000000953674316,-1.399999976158142,0.05000000074505806,0.25,40,11,11,1,35,40,100,63,20.299999237060547,20.299999237060547,22.700000762939453,22.700000762939453,6,10
14,16,65,55,-2.9000000953674316,-1.399999976158142,0.05000000074505806,0.25,40,11,11,1,35,40,100,63,20.299999237060547,20.299999237060547,22.700000762939453,22.700000762939453,6,10
14,16,65,55,-2.9000000953674316,-1.399999976158142,0.05000000074505806,0.25,40,11,11,1,35,40,100,63,20.299999237060547,20.299999237060547,22.700000762939453,22.700000762939453,6,10
14,16,65,55,-2.9000000953674316,-1.399999976158142,0.05000000074505806,0.25,40,11,11,1,35,40,100,63,20.299999237060547,20.299999237060547,22.700000762939453,22.700000762939453,6,10
14,16,65,55,-2.9000000953674316,-1.399999976158142,0.05000000074505806,0.25,40,11,11,1,35,40,100,63,20.299999237060547,20.299999237060547,22.700000762939453,22.700000762939453,6,10
14,16,65,55,-2.9000000953674316,-1.399999976158142,0.05000000074505806,0.25,40,11,11,1,35,40,100,63,20.299999237060547,20.299999237060547,22.700000762939453,22.700000762939453,6,10
14,16,65,55,-2.9000000953674316,-1.399999976158142,0.05000000074505806,0.25,40,11,11,1,35,40,100,63,20.299999237060547,20.299999237060547,22.700000762939453,22.700000762939453,6,10
14,16,65,55,-2.9000000953674316,-1.399999976158142,0.05000000074505806,0.25,40,11,11,1,35,40,100,63,20.299999237060547,20.299999237060547,22.700000762939453,22.700000762939453,6,10
14,16,65,55,-2.9000000953674316,-1.399999976158142,0.05000000074505806,0.25,40,11,11,1,35,40,100,63,20.299999237060547,20.299999237060547,22.700000762939453,22.700000762939453,6,10
14,16,65,55,-2.9000000953674316,-1.399999976158142,0.05000000074505806,0.25,40,11,11,1,35,40,100,63,20.299999237060547,20.299999237060547,22.700000762939453,22.700000762939453,6,10
14,16,65,55,-2.9000000953674316,-1.399999976158142,0.05000000074505806,0.25,40,11,11,1,35,40,100,63,20.299999237060547,20.299999237060547,22.700000762939453,22.700000762939453,6,10
14,16,65,55,-2.9000000953674316,-1.399999976158142,0.05000000074505806,0.25,40,11,11,1,35,40,100,63,20.299999237060547,20.299999237060547,22.700000762939453,22.700000762939453,6,10
14,16,65,55,-2.9000000953674316,-1.399999976158142,0.05000000074505806,0.25,40,11,11,1,35,40,100,63,20.299999237060547,20.299999237060547,22.700000762939453,22.700000762939453,6,10
14,16,65,55,-2.9000000953674316,-1.399999976158142,0.05000000074505806,0.25,40,11,11,1,35,40,100,63,20.299999237060547,20.299999237060547,22.700000762939453,22.700000762939453,6,10
14,16,65,55,-2.9000000953674316,-1.399999976158142,0.05000000074505806,0.25,40,11,11,1,35,40,100,63,20.299999237060547,20.299999237060547,22.700000762939453,22.700000762939453,6,10
14,16,65,55,-2.9000000953674316,-1.399999976158142,0.05000000074505806,0.25,40,11,11,1,35,40,100,63,20.299999237060547,20.299999237060547,22.700000762939453,22.700000762939453,6,10
14,16,65,55,-2.9000000953674316,-1.399999976158142,0.05000000074505806,0.25,40,11,11,1,35,40,100,63,20.299999237060547,20.299999237060547,22.700000762939453,22.700000762939453,6,10
14,16,65,55,-2.9000000953674316,-1.399999976158142,0.05000000074505806,0.25,40,11,11,1,35,40,100,63,20.299999237060547,20.299999237060547,22.700000762939453,22.700000762939453,6,10
14,16,65,55,-2.9000000953674316,-1.399999976158142,0.05000000074505806,0.25,40,11,11,1,35,40,100,63,20.299999237060547,20.299999237060547,22.700000762939453,22.700000762939453,6,10
14,16,65,55,-2.9000000953674316,-1.399999976158142,0.05000000074505806,0.25,40,11,11,1,35,40,100,63,20.299999237060547,20.299999237060547,22.700000762939453,22.700000762939453,6,10
14,16,65,55,-2.9000000953674316,-1.399999976158142,0.05000000074505806,0.25,40,11,11,1,35,40,100,63,20.299999237060547,20.299999237060547,22.700000762939453,22.700000762939453,6,10
14,16,65,55,-2.9000000953674316,-1.399999976158142,0.05000000074505806,0.25,40,11,11,1,35,40,100,63,20.299999237060547,20.299999237060547,22.700000762939453,22.700000762939453,6,10
14,16,65,55,-2.9000000953674316,-1.399999976158142,0.05000000074505806,0.25,40,11,11,1,35,40,100,63,20.299999237060547,20.299999237060547,22.700000762939453,22.700000762939453,6,10
14,16,65,55,-2.9000000953674316,-1.399999976158142,0.05000000074505806,0.25,40,11,11,1,35,40,100,63,20.299999237060547,20.299999237060547,22.700000762939453,22.700000762939453,6,10
14,16,65,55,-2.9000000953674316,-1.399999976158142,0.05000000074505806,0.25,40,11,11,1,35,40,100,63,20.299999237060547,20.299999237060547,22.700000762939453,22.700000762939453,6,10
14,16,65,55,-2.9000000953674316,-1.399999976158142,0.05000000074505806,0.25,40,11,11,1,35,40,100,63,20.299999237060547,20.299999237060547,22.700000762939453,22.700000762939453,6,10
14,16,65,55,-2.9000000953674316,-1.399999976158142,0.05000000074505806,0.25,40,11,11,1,35,40,100,63,20.299999237060547,20.299999237060547,22.700000762939453,22.700000762939453,6,10
14,16,65,55,-2.9000000953674316,-1.399999976158142,0.05000000074505806,0.25,40,11,11,1,35,40,100,63,20.299999237060547,20.299999237060547,22.700000762939453,22.700000762939453,6,10
14,16,65,55,-2.9000000953674316,-1.399999976158142,0.05000000074505806,0.25,40,11,11,1,35,40,100,63,20.299999237060547,20.299999237060547,22.700000762939453,22.700000762939453,6,10
14,16,65,55,-2.9000000953674316,-1.399999976158142,0.05000000074505806,0.25,40,11,11,1,35,40,100,63,20.299999237060547,20.299999237060547,22.700000762939453,22.700000762939453,6,10
14,16,65,55,-2.9000000953674316,-1.399999976158142,0.05000000074505806,0.25,40,11,11,1,35,40,100,63,20.299999237060547,20.299999237060547,22.700000762939453,22.700000762939453,6,10
14,16,65,55,-2.9000000953674316,-1.399999976158142,0.05000000074505806,0.25,40,11,11,1,35,40,100,63,20.299999237060547,20.299999237060547,22.700000762939453,22.700000762939453,6,10
14,16,65,55,-2.9000000953674316,-1.399999976158142,0.05000000074505806,0.25,40,11,11,1,35,40,100,63,20.299999237060547,20.299999237060547,22.700000762939453,22.700000762939453,6,10
14,16,65,55,-2.9000000953674316,-1.399999976158142,0.05000000074505806,0.25,40,11,11,1,35,40,100,63,20.299999237060547,20.299999237060547,22.700000762939453,22.700000762939453,6,10
14,16,65,55,-2.9000000953674316,-1.399999976158142,0.05000000074505806,0.25,40,11,11,1,35,40,100,63,20.299999237060547,20.299999237060547,22.700000762939453,22.700000762939453,6,10
14,16,65,55,-2.9000000953674316,-1.399999976158142,0.05000000074505806,0.25,40,11,11,1,35,40,100,63,20.299999237060547,20.299999237060547,22.700000762939453,22.700000762939453,6,10
14,16,65,55,-2.9000000953674316,-1.399999976158142,0.05000000074505806,0.25,40,11,11,1,35,40,100,63,20.299999237060547,20.299999237060547,22.700000762939453,22.700000762939453,6,10
14,16,65,55,-2.9000000953674316,-1.399999976158142,0.05000000074505806,0.25,40,11,11,1,35,40,100,63,20.299999237060547,20.299999237060547,22.700000762939453,22.700000762939453,6,10
14,16,65,55,-2.9000000953674316,-1.399999976158142,0.05000000074505806,0.25,40,11,11,1,35,40,100,63,20.299999237060547,20.299999237060547,22.700000762939453,22.700000762939453,6,10
14,16,65,55,-2.9000000953674316,-1.399999976158142,0.05000000074505806,0.25,40,11,11,1,35,40,100,63,20.299999237060547,20.299999237060547,22.700000762939453,22.700000762939453,6,10
14,16,65,55,-2.9000000953674316,-1.399999976158142,0.05000000074505806,0.25,40,11,11,1,35,40,100,63,20.299999237060547,20.299999237060547,22.700000762939453,22.700000762939453,6,10
14,16,65,55,-2.9000000953674316,-1.399999976158142,0.05000000074505806,0.25,40,11,11,1,35,40,100,63,20.299999237060547,20.299999237060547,22.700000762939453,22.700000762939453,6,10
14,16,65,55,-2.9000000953674316,-1.399999976158142,0.05000000074505806,0.25,40,11,11,1,35,40,100,63,20.299999237060547,20.299999237060547,22.700000762939453,22.700000762939453,6,10
14,16,65,55,-2.9000000953674316,-1.399999976158142,0.05000000074505806,0.25,40,11,11,1,35,40,100,63,20.299999237060547,20.299999237060547,22.700000762939453,22.700000762939453,6,10
14,16,65,55,-2.9000000953674316,-1.399999976158142,0.05000000074505806,0.25,40,11,11,1,35,40,100,63,20.299999237060547,20.299999237060547,22.700000762939453,22.700000762939453,6,10
14,16,65,55,-2.9000000953674316,-1.399999976158142,0.05000000074505806,0.25,40,11,11,1,35,40,100,63,20.299999237060547,20.299999237060547,22.700000762939453,22.700000762939453,6,10
14,16,65,55,-2.9000000953674316,-1.399999976158142,0.05000000074505806,0.25,40,11,11,1,35,40,100,63,20.299999237060547,20.299999237060547,22.700000762939453,22.700000762939453,6,10
14,16,65,55,-2.9000000953674316,-1.399999976158142,0.05000000074505806,0.25,40,11,11,1,35,40,100,63,20.299999237060547,20.299999237060547,22.700000762939453,22.700000762939453,6,10
14,16,65,55,-2.9000000953674316,-1.399999976158142,0.05000000074505806,0.25,40,11,11,1,35,40,100,63,20.299999237060547,20.299999237060547,22.700000762939453,22.700000762939453,6,10
14,16,65,55,-2.9000000953674316,-1.399999976158142,0.05000000074505806,0.25,40,11,11,1,35,40,100,63,20.299999237060547,20.299999237060547,22.700000762939453,22.700000762939453,6,10
14,16,65,55,-2.9000000953674316,-1.399999976158142,0.05000000074505806,0.25,40,11,11,1,35,40,100,63,20.299999237060547,20.299999237060547,22.700000762939453,22.700000762939453,6,10
14,16,65,55,-2.9000000953674316,-1.399999976158142,0.05000000074505806,0.25,40,11,11,1,35,40,100,63,20.299999237060547,20.299999237060547,22.700000762939453,22.700000762939453,6,10
14,16,65,55,-2.9000000953674316,-1.399999976158142,0.05000000074505806,0.25,40,11,11,1,35,40,100,63,20.299999237060547,20.299999237060547,22.700000762939453,22.700000762939453,6,10
14,16,65,55,-2.9000000953674316,-1.399999976158142,0.05000000074505806,0.25,40,11,11,1,35,40,100,63,20.299999237060547,20.299999237060547,22.700000762939453,22.700000762939453,6,10
14,16,65,55,-2.9000000953674316,-1.399999976158142,0.05000000074505806,0.25,40,11,11,1,35,40,100,63,20.299999237060547,20.299999237060547,22.700000762939453,22.700000762939453,6,10
14,16,65,55,-2.9000000953674316,-1.399999976158142,0.05000000074505806,0.25,40,11,11,1,35,40,100,63,20.299999237060547,20.299999237060547,22.700000762939453,22.700000762939453,6,10
14,16,65,55,-2.9000000953674316,-1.399999976158142,0.05000000074505806,0.25,40,11,11,1,35,40,100,63,20.299999237060547,20.299999237060547,22.700000762939453,22.700000762939453,6,10
14,16,65,55,-2.9000000953674316,-1.399999976158142,0.05000000074505806,0.25,40,11,11,1,35,40,100,63,20.299999237060547,20.299999237060547,22.700000762939453,22.700000762939453,6,10
14,16,65,55,-2.9000000953674316,-1.399999976158142,0.05000000074505806,0.25,40,11,11,1,35,40,100,63,20.299999237060547,20.299999237060547,22.700000762939453,22.700000762939453,6,10
14,16,65,55,-2.9000000953674316,-1.399999976158142,0.05000000074505806,0.25,40,11,11,1,35,40,100,63,20.299999237060547,20.299999237060547,22.700000762939453,22.700000762939453,6,10
14,16,65,55,-2.9000000953674316,-1.399999976158142,0.05000000074505806,0.25,40,11,11,1,35,40,100,63,20.299999237060547,20.299999237060547,22.700000762939453,22.700000762939453,6,10
14,16,65,55,-2.9000000953674316,-1.399999976158142,0.05000000074505806,0.25,40,11,11,1,35,40,100,63,20.299999237060547,20.299999237060547,22.700000762939453,22.700000762939453,6,10
14,16,65,55,-2.9000000953674316,-1.399999976158142,0.05000000074505806,0.25,40,11,11,1,35,40,100,63,20.299999237060547,20.299999237060547,22.700000762939453,22.700000762939453,6,10
14,16,65,55,-2.9000000953674316,-1.399999976158142,0.05000000074505806,0.25,40,11,11,1,35,40,100,63,20.299999237060547,20.299999237060547,22.700000762939453,22.700000762939453,6,10
14,16,65,55,-2.9000000953674316,-1.399999976158142,0.05000000074505806,0.25,40,11,11,1,35,40,100,63,20.299999237060547,20.299999237060547,22.700000762939453,22.700000762939453,6,10
14,16,65,55,-2.9000000953674316,-1.399999976158142,0.05000000074505806,0.25,40,11,11,1,35,40,100,63,20.299999237060547,20.299999237060547,22.700000762939453,22.700000762939453,6,10
14,16,65,55,-2.9000000953674316,-1.399999976158142,0.05000000074505806,0.25,40,11,11,1,35,40,100,63,20.299999237060547,20.299999237060547,22.700000762939453,22.700000762939453,6,10
14,16,65,55,-2.9000000953674316,-1.399999976158142,0.05000000074505806,0.25,40,11,11,1,35,40,100,63,20.299999237060547,20.299999237060547,22.700000762939453,22.700000762939453,6,10
14,16,65,55,-2.9000000953674316,-1.399999976158142,0.05000000074505806,0.25,40,11,11,1,35,40,100,63,20.299999237060547,20.299999237060547,22.700000762939453,22.700000762939453,6,10
14,16,65,55,-2.9000000953674316,-1.399999976158142,0.05000000074505806,0.25,40,11,11,1,35,40,100,63,20.299999237060547,20.299999237060547,22.700000762939453,22.700000762939453,6,10
14,16,65,55,-2.9000000953674316,-1.399999976158142,0.05000000074505806,0.25,40,11,11,1,35,40,100,63,20.299999237060547,20.299999237060547,22.700000762939453,22.700000762939453,6,10
14,16,65,55,-2.9000000953674316,-1.399999976158142,0.05000000074505806,0.25,40,11,11,1,35,40,100,63,20.299999237060547,20.299999237060547,22.700000762939453,22.700000762939453,6,10
14,16,65,55,-2.9000000953674316,-1.399999976158142,0.05000000074505806,0.25,40,11,11,1,35,40,100,63,20.299999237060547,20.299999237060547,22.700000762939453,22.700000762939453,6,10
14,16,65,55,-2.9000000953674316,-1.399999976158142,0.05000000074505806,0.25,40,11,11,1,35,40,100,63,20.299999237060547,20.299999237060547,22.700000762939453,22.700000762939453,6,10
14,16,65,55,-2.9000000953674316,-1.399999976158142,0.05000000074505806,0.25,40,11,11,1,35,40,100,63,20.299999237060547,20.299999237060547,22.700000762939453,22.700000762939453,6,10
14,16,65,55,-2.9000000953674316,-1.399999976158142,0.05000000074505806,0.25,40,11,11,1,35,40,100,63,20.299999237060547,20.299999237060547,22.700000762939453,22.700000762939453,6,10
14,16,65,55,-2.9000000953674316,-1.399999976158142,0.05000000074505806,0.25,40,11,11,1,35,40,100,63,20.299999237060547,20.299999237060547,22.700000762939453,22.700000762939453,6,10
14,16,65,55,-2.9000000953674316,-1.399999976158142,0.05000000074505806,0.25,40,11,11,1,35,40,100,63,20.299999237060547,20.299999237060547,22.700000762939453,22.700000762939453,6,10
