m_tractionControl,m_antiLockBrakes,m_fuelMix,m_frontBrakeBias,m_pitLimiterStatus,m_fuelInTank,m_fuelCapacity,m_fuelRemainingLaps,m_maxRPM,m_idleRPM,m_maxGears,m_drsAllowed,m_drsActivationDistance,m_actualTyreCompound,m_visualTyreCompound,m_tyresAgeLaps,m_vehicleFiaFlags,m_enginePowerICE,m_enginePowerMGUK,m_ersStoreEnergy,m_ersDeployMode,m_ersHarvestedThisLapMGUK,m_ersHarvestedThisLapMGUH,m_ersDeployedThisLap,m_networkPaused
0,1,3,63,0,10,110,6.92307710647583,13000,3499,9,0,0,16,16,11,0,599947.3125,83475.8125,4000000,2,0,0,0,0
0,1,3,63,0,10,110,6.92307710647583,13000,3499,9,0,0,16,16,11,0,597880.3125,83475.8125,4000000,2,0,0,0,0
0,1,3,63,0,10,110,6.92307710647583,13000,3499,9,0,0,16,16,11,0,590531.5625,83475.8125,4000000,2,0,0,0,0
0,1,3,63,0,10,110,6.92307710647583,13000,3499,9,0,0,16,16,11,0,588806.875,83475.8125,4000000,2,0,0,0,0
0,1,3,63,0,10,110,6.92307710647583,13000,3499,9,0,0,16,16,11,0,586958.5,83475.8125,4000000,2,0,0,0,0
0,1,3,63,0,10,110,6.92307710647583,13000,3499,9,0,0,16,16,11,0,603622.1875,83475.8125,4000000,2,0,0,0,0
0,1,3,63,0,10,110,6.92307710647583,13000,3499,9,0,0,16,16,11,0,603139.5625,83475.8125,4000000,2,0,0,0,0
0,1,3,63,0,10,110,6.92307710647583,13000,3499,9,0,0,16,16,11,0,602655.5,83475.8125,4000000,2,0,0,0,0
0,1,3,63,0,10,110,6.92307710647583,13000,3499,9,0,0,16,16,11,0,600990.25,83475.8125,4000000,2,0,0,0,0
0,1,3,63,0,10,110,6.92307710647583,13000,3499,9,0,0,16,16,11,0,600672.6875,83475.8125,4000000,2,0,0,0,0
0,1,3,63,0,10,110,6.92307710647583,13000,3499,9,0,0,16,16,11,0,600324.9375,83475.8125,4000000,2,0,0,0,0
0,1,3,63,0,10,110,6.92307710647583,13000,3499,9,0,0,16,16,11,0,599973.6875,83475.8125,4000000,2,0,0,0,0
0,1,3,63,0,10,110,6.92307710647583,13000,3499,9,0,0,16,16,11,0,597227.3125,83475.8125,4000000,2,0,0,0,0
0,1,3,63,0,10,110,6.92307710647583,13000,3499,9,0,0,16,16,11,0,593075.3125,83475.8125,4000000,2,0,0,0,0
0,1,3,63,0,10,110,6.92307710647583,13000,3499,9,0,0,16,16,11,0,591225,83475.8125,4000000,2,0,0,0,0
0,1,3,63,0,10,110,6.92307710647583,13000,3499,9,0,0,16,16,11,0,599931.25,83475.8125,4000000,2,0,0,0,0
0,1,3,63,0,10,110,6.92307710647583,13000,3499,9,0,0,16,16,11,0,601337.625,83475.8125,4000000,2,0,0,0,0
0,1,3,63,0,10,110,6.92307710647583,13000,3499,9,0,0,16,16,11,0,602745.8125,83475.8125,4000000,2,0,0,0,0
0,1,3,63,0,10,110,6.92307710647583,13000,3499,9,0,0,16,16,11,0,602555.0625,83475.8125,4000000,2,0,0,0,0
0,1,3,63,0,10,110,6.92307710647583,13000,3499,9,0,0,16,16,11,0,601966.875,83475.8125,4000000,2,0,0,0,0
0,1,3,63,0,10,110,6.92307710647583,13000,3499,9,0,0,16,16,11,0,601561,83475.8125,4000000,2,0,0,0,0
0,1,3,63,0,10,110,6.92307710647583,13000,3499,9,0,0,16,16,11,0,600949.25,83475.8125,4000000,2,0,0,0,0
0,1,3,63,0,10,110,6.92307710647583,13000,3499,9,0,0,16,16,11,0,600722.5,83475.8125,4000000,2,0,0,0,0
0,1,3,63,0,10,110,6.92307710647583,13000,3499,9,0,0,16,16,11,0,600732.125,83475.8125,4000000,2,0,0,0,0
0,1,3,63,0,10,110,6.92307710647583,13000,3499,9,0,0,16,16,11,0,600631.0625,83475.8125,4000000,2,0,0,0,0
0,1,3,63,0,10,110,6.92307710647583,13000,3499,9,0,0,16,16,11,0,600437.1875,83475.8125,4000000,2,0,0,0,0
0,1,3,63,0,10,110,6.92307710647583,13000,3499,9,0,0,16,16,11,0,600945.875,83475.8125,4000000,2,0,0,0,0
0,1,3,63,0,10,110,6.92307710647583,13000,3499,9,0,0,16,16,11,0,600428.8125,83475.8125,4000000,2,0,0,0,0
0,1,3,63,0,10,110,6.92307710647583,13000,3499,9,0,0,16,16,11,0,600983.4375,83475.8125,4000000,2,0,0,0,0
0,1,3,63,0,10,110,6.92307710647583,13000,3499,9,0,0,16,16,11,0,584529.75,0,4000000,2,0,0,0,0
0,1,3,63,0,10,110,6.92307710647583,13000,3499,9,0,0,16,16,11,0,597916.8125,0,4000000,2,0,0,0,0
0,1,3,63,0,10,110,6.92307710647583,13000,3499,9,0,0,16,16,11,0,591581.375,0,4000000,2,0,0,0,0
0,1,3,63,0,10,110,6.92307710647583,13000,3499,9,0,0,16,16,11,0,594257.25,0,4000000,2,0,0,0,0
0,1,3,63,0,10,110,6.92307710647583,13000,3499,9,0,0,16,16,11,0,573194.6875,0,4000000,2,0,0,0,0
0,1,3,63,0,10,110,6.92307710647583,13000,3499,9,0,0,16,16,11,0,580239.25,0,4000000,2,0,0,0,0
0,1,3,63,0,10,110,6.92307710647583,13000,3499,9,0,148,16,16,11,0,600672.0625,0,4000000,2,0,0,0,0
0,1,3,63,0,10,110,6.92307710647583,13000,3499,9,0,144,16,16,11,0,551855.875,0,4000000,2,0,0,0,0
0,1,3,63,0,10,110,6.92307710647583,13000,3499,9,0,135,16,16,11,0,382476.84375,0,4000000,2,0,0,0,0
0,1,3,63,0,10,110,6.92307710647583,13000,3499,9,0,110,16,16,11,0,234683.3125,0,4000000,2,0,0,0,0
0,1,3,63,0,10,110,6.92307710647583,13000,3499,9,0,108,16,16,11,0,226170.15625,0,4000000,2,0,0,0,0
0,1,3,63,0,10,110,6.92307710647583,13000,3499,9,0,100,16,16,11,0,212938.109375,0,4000000,2,0,0,0,0
0,1,3,63,0,10,110,6.92307710647583,13000,3499,9,0,93,16,16,11,0,230225.859375,0,4000000,2,0,0,0,0
0,1,3,63,0,10,110,6.92307710647583,13000,3499,9,0,85,16,16,11,0,261599.578125,0,4000000,2,0,0,0,0
0,1,3,63,0,10,110,6.92307710647583,13000,3499,9,0,83,16,16,11,0,279187.53125,0,4000000,2,0,0,0,0
0,1,3,63,0,10,110,6.92307710647583,13000,3499,9,0,81,16,16,11,0,301402.65625,0,4000000,2,0,0,0,0
0,1,3,63,0,10,110,6.92307710647583,13000,3499,9,0,76,16,16,11,0,367503.9375,0,4000000,2,0,0,0,0
0,1,3,63,0,10,110,6.92307710647583,13000,3499,9,0,72,16,16,11,0,460741.5625,0,4000000,2,0,0,0,0
0,1,3,63,0,10,110,6.92307710647583,13000,3499,9,0,69,16,16,11,0,507639.125,0,4000000,2,0,0,0,0
0,1,3,63,0,10,110,6.92307710647583,13000,3499,9,0,66,16,16,11,0,532757.125,1011.9163818359375,4000000,2,0,0,0,0
0,1,3,63,0,10,110,6.92307710647583,13000,3499,9,0,24,16,16,11,0,594827,34833.8203125,4000000,2,0,0,0,0
0,1,3,63,0,10,110,6.92307710647583,13000,3499,9,0,11,16,16,11,0,597411.125,41789.16796875,4000000,2,0,0,0,0
0,1,3,63,0,10,110,6.92307710647583,13000,3499,9,0,6,16,16,11,0,598216.4375,44637.52734375,4000000,2,0,0,0,0
0,1,3,63,0,10,110,6.92307710647583,13000,3499,9,0,1,16,16,11,0,603263.4375,47364.83984375,4000000,2,0,0,0,0
0,1,3,63,0,10,110,6.92307710647583,13000,3499,9,1,0,16,16,11,0,600319.75,52581.74609375,4000000,2,0,0,0,0
0,1,3,63,0,10,110,6.92307710647583,13000,3499,9,1,0,16,16,11,0,597367.75,55074.125,4000000,2,0,0,0,0
0,1,3,63,0,10,110,6.92307710647583,13000,3499,9,1,0,16,16,11,0,601757.1875,69915.734375,4000000,2,0,0,0,0
0,1,3,63,0,10,110,6.92307710647583,13000,3499,9,1,0,16,16,11,0,594531.0625,77904.234375,4000000,2,0,0,0,0
0,1,3,63,0,10,110,6.92307710647583,13000,3499,9,1,0,16,16,11,0,591503,79733.875,4000000,2,0,0,0,0
0,1,3,63,0,10,110,6.92307710647583,13000,3499,9,1,0,16,16,11,0,588986.0625,81520.328125,4000000,2,0,0,0,0
0,1,3,63,0,10,110,6.92307710647583,13000,3499,9,0,0,16,16,11,0,564374.125,83475.8125,4000000,2,0,0,0,0
0,1,3,63,0,10,110,6.92307710647583,13000,3499,9,0,0,16,16,11,0,599211.1875,83475.8125,4000000,2,0,0,0,0
0,1,3,63,0,10,110,6.92307710647583,13000,3499,9,0,0,16,16,11,0,597265.3125,83475.8125,4000000,2,0,0,0,0
0,1,3,63,0,10,110,6.92307710647583,13000,3499,9,0,0,16,16,11,0,595481.875,83475.8125,4000000,2,0,0,0,0
0,1,3,63,0,10,110,6.92307710647583,13000,3499,9,0,0,16,16,11,0,593240.6875,83475.8125,4000000,2,0,0,0,0
0,1,3,63,0,10,110,6.92307710647583,13000,3499,9,0,0,16,16,11,0,589286.875,83475.8125,4000000,2,0,0,0,0
0,1,3,63,0,10,110,6.92307710647583,13000,3499,9,0,0,16,16,11,0,584648.9375,83475.8125,4000000,2,0,0,0,0
0,1,3,63,0,10,110,6.92307710647583,13000,3499,9,0,0,16,16,11,0,581875.8125,83475.8203125,4000000,2,0,0,0,0
0,1,3,63,0,10,110,6.92307710647583,13000,3499,9,0,0,16,16,11,0,602315.5,83475.8125,4000000,2,0,0,0,0
0,1,3,63,0,10,110,6.92307710647583,13000,3499,9,0,0,16,16,11,0,601810.8125,83475.8203125,4000000,2,0,0,0,0
0,1,3,63,0,10,110,6.92307710647583,13000,3499,9,0,0,16,16,11,0,600935.75,83475.8125,4000000,2,0,0,0,0
0,1,3,63,0,10,110,6.92307710647583,13000,3499,9,0,0,16,16,11,0,600587.1875,83475.8125,4000000,2,0,0,0,0
0,1,3,63,0,10,110,6.92307710647583,13000,3499,9,0,0,16,16,11,0,600183.75,83475.8125,4000000,2,0,0,0,0
0,1,3,63,0,10,110,6.92307710647583,13000,3499,9,0,0,16,16,11,0,595065.125,83475.8125,4000000,2,0,0,0,0
0,1,3,63,0,10,110,6.92307710647583,13000,3499,9,0,0,16,16,11,0,592896.375,83475.828125,4000000,2,0,0,0,0
0,1,3,63,0,10,110,6.92307710647583,13000,3499,9,0,0,16,16,11,0,589767.6875,83475.8203125,4000000,2,0,0,0,0
0,1,3,63,0,10,110,6.92307710647583,13000,3499,9,0,0,16,16,11,0,600897.125,83475.8125,4000000,2,0,0,0,0
0,1,3,63,0,10,110,6.92307710647583,13000,3499,9,0,0,16,16,11,0,603583.125,83475.8203125,4000000,2,0,0,0,0
0,1,3,63,0,10,110,6.92307710647583,13000,3499,9,0,0,16,16,11,0,602121.3125,83475.8125,4000000,2,0,0,0,0
0,1,3,63,0,10,110,6.92307710647583,13000,3499,9,0,0,16,16,11,0,601832.1875,83475.8125,4000000,2,0,0,0,0
0,1,3,63,0,10,110,6.92307710647583,13000,3499,9,0,0,16,16,11,0,601567.875,83475.8125,4000000,2,0,0,0,0
0,1,3,63,0,10,110,6.92307710647583,13000,3499,9,0,0,16,16,11,0,601357,83475.8125,4000000,2,0,0,0,0
0,1,3,63,0,10,110,6.92307710647583,13000,3499,9,0,0,16,16,11,0,601158.125,83475.8203125,4000000,2,0,0,0,0
0,1,3,63,0,10,110,6.92307710647583,13000,3499,9,0,0,16,16,11,0,600959.8125,83475.8203125,4000000,2,0,0,0,0
0,1,3,63,0,10,110,6.92307710647583,13000,3499,9,0,0,16,16,11,0,600727.8125,83475.8125,4000000,2,0,0,0,0
0,1,3,63,0,10,110,6.92307710647583,13000,3499,9,0,0,16,16,11,0,600392,83475.8125,4000000,2,0,0,0,0
0,1,3,63,0,10,110,6.92307710647583,13000,3499,9,0,0,16,16,11,0,599041.3125,80905.390625,4000000,2,0,0,0,0
0,1,3,63,0,10,110,6.92307710647583,13000,3499,9,1,0,16,16,11,0,564889.25,0,4000000,2,0,0,0,0
0,1,3,63,0,10,110,6.92307710647583,13000,3499,9,1,0,16,16,11,0,567139.0625,0,4000000,2,0,0,0,0
0,1,3,63,0,10,110,6.92307710647583,13000,3499,9,0,0,16,16,11,0,601113.125,0,4000000,2,0,0,0,0
0,1,3,63,0,10,110,6.92307710647583,13000,3499,9,0,0,16,16,11,0,558305.3125,0,4000000,2,0,0,0,0
0,1,3,63,0,10,110,6.92307710647583,13000,3499,9,0,0,16,16,11,0,573563.375,0,4000000,2,0,0,0,0
0,1,3,63,0,10,110,6.92307710647583,13000,3499,9,0,0,16,16,11,0,595267.9375,0,4000000,2,0,0,0,0
0,1,3,63,0,10,110,6.92307710647583,13000,3499,9,0,0,16,16,11,0,574027.8125,3.9249355792999268,4000000,2,0,0,0,0
0,1,3,63,0,10,110,6.92307710647583,13000,3499,9,0,0,16,16,11,0,533437.4375,1911.594482421875,4000000,2,0,0,0,0
0,1,3,63,0,10,110,6.92307710647583,13000,3499,9,0,0,16,16,11,0,535804.3125,2545.011474609375,4000000,2,0,0,0,0
0,1,3,63,0,10,110,6.92307710647583,13000,3499,9,0,0,16,16,11,0,537066.9375,2732.044921875,4000000,2,0,0,0,0
0,1,3,63,0,10,110,6.92307710647583,13000,3499,9,0,0,16,16,11,0,575288.8125,4800.4736328125,4000000,2,0,0,0,0
0,1,3,63,0,10,110,6.92307710647583,13000,3499,9,0,0,16,16,11,0,589573.5625,5771.7197265625,4000000,2,0,0,0,0
0,1,3,63,0,10,110,6.92307710647583,13000,3499,9,0,0,16,16,11,0,598780.5,12276.14453125,4000000,2,0,0,0,0
0,1,3,63,0,10,110,6.92307710647583,13000,3499,9,0,0,16,16,11,0,597062.0625,29683.19140625,4000000,2,0,0,0,0
0,1,3,63,0,10,110,6.92307710647583,13000,3499,9,0,0,16,16,11,0,593190.4375,36109.51953125,4000000,2,0,0,0,0
0,1,3,63,0,10,110,6.92307710647583,13000,3499,9,0,0,16,16,11,0,563247.9375,48228.98828125,4000000,2,0,0,0,0
0,1,3,63,0,10,110,6.92307710647583,13000,3499,9,0,0,16,16,11,0,600473.125,52337.45703125,4000000,2,0,0,0,0
0,1,3,63,0,10,110,6.92307710647583,13000,3499,9,0,0,16,16,11,0,593879,57216.12890625,4000000,2,0,0,0,0
0,1,3,63,0,10,110,6.92307710647583,13000,3499,9,0,0,16,16,11,0,578481.25,63905.96484375,4000000,2,0,0,0,0
0,1,3,63,0,10,110,6.92307710647583,13000,3499,9,0,0,16,16,11,0,598999.4375,75115.0859375,4000000,2,0,0,0,0
0,1,3,63,0,10,110,6.92307710647583,13000,3499,9,0,0,16,16,11,0,596106.5625,76907.3046875,4000000,2,0,0,0,0
0,1,3,63,0,10,110,6.92307710647583,13000,3499,9,0,0,16,16,11,0,585765.1875,83108.3671875,4000000,2,0,0,0,0
0,1,3,63,0,10,110,6.92307710647583,13000,3499,9,0,0,16,16,11,0,582061.375,83475.8125,4000000,2,0,0,0,0
0,1,3,63,0,10,110,6.92307710647583,13000,3499,9,0,0,16,16,11,0,579448.625,83475.8125,4000000,2,0,0,0,0
0,1,3,63,0,10,110,6.92307710647583,13000,3499,9,0,0,16,16,11,0,600375.875,83475.8125,4000000,2,0,0,0,0
0,1,3,63,0,10,110,6.92307710647583,13000,3499,9,0,0,16,16,11,0,600693.375,83475.8203125,4000000,2,0,0,0,0
0,1,3,63,0,10,110,6.92307710647583,13000,3499,9,0,0,16,16,11,0,593900.1875,83475.8125,4000000,2,0,0,0,0
0,1,3,63,0,10,110,6.92307710647583,13000,3499,9,0,0,16,16,11,0,586931,83475.8203125,4000000,2,0,0,0,0
0,1,3,63,0,10,110,6.92307710647583,13000,3499,9,0,0,16,16,11,0,602825.8125,83475.8125,4000000,2,0,0,0,0
0,1,3,63,0,10,110,6.92307710647583,13000,3499,9,0,0,16,16,11,0,602606.8125,0,4000000,2,0,0,0,0
0,1,3,63,0,10,110,6.92307710647583,13000,3499,9,0,0,16,16,11,0,603323.8125,0,4000000,2,0,0,0,0
0,1,3,63,0,10,110,6.92307710647583,13000,3499,9,0,0,16,16,11,0,602003.6875,0,4000000,2,0,0,0,0
0,1,3,63,0,10,110,6.92307710647583,13000,3499,9,0,0,16,16,11,0,602928.6875,0,4000000,2,0,0,0,0
0,1,3,63,0,10,110,6.92307710647583,13000,3499,9,0,0,16,16,11,0,602308.125,0,4000000,2,0,0,0,0
0,1,3,63,0,10,110,6.92307710647583,13000,3499,9,0,0,16,16,11,0,597343.9375,0,4000000,2,0,0,0,0
0,1,3,63,0,10,110,6.92307710647583,13000,3499,9,0,0,16,16,11,0,579647.5625,28724.166015625,4000000,2,0,0,0,0
0,1,3,63,0,10,110,6.92307710647583,13000,3499,9,0,0,16,16,11,0,599554.25,37818.7421875,4000000,2,0,0,0,0
0,1,3,63,0,10,110,6.92307710647583,13000,3499,9,0,0,16,16,11,0,603567,39356.2421875,4000000,2,0,0,0,0
0,1,3,63,0,10,110,6.92307710647583,13000,3499,9,0,0,16,16,11,0,603057.9375,39655.3125,4000000,2,0,0,0,0
0,1,3,63,0,10,110,6.92307710647583,13000,3499,9,0,0,16,16,11,0,597921.0625,47634.82421875,4000000,2,0,0,0,0
0,1,3,63,0,10,110,6.92307710647583,13000,3499,9,0,0,16,16,11,0,586716.125,59378.67578125,4000000,2,0,0,0,0
0,1,3,63,0,10,110,6.92307710647583,13000,3499,9,0,0,16,16,11,0,600603,72698.703125,4000000,2,0,0,0,0
0,1,3,63,0,10,110,6.92307710647583,13000,3499,9,0,0,16,16,11,0,596221.125,76645.8125,4000000,2,0,0,0,0
0,1,3,63,0,10,110,6.92307710647583,13000,3499,9,0,0,16,16,11,0,590050.375,79566.2109375,4000000,2,0,0,0,0
0,1,3,63,0,10,110,6.92307710647583,13000,3499,9,0,0,16,16,11,0,589007.875,80628.5234375,4000000,2,0,0,0,0
0,1,3,63,0,10,110,6.92307710647583,13000,3499,9,0,0,16,16,11,0,575766.625,83475.8125,4000000,2,0,0,0,0
0,1,3,63,0,10,110,6.92307710647583,13000,3499,9,0,0,16,16,11,0,598985.5,83475.8125,4000000,2,0,0,0,0
0,1,3,63,0,10,110,6.92307710647583,13000,3499,9,0,0,16,16,11,0,602208.75,83475.8125,4000000,2,0,0,0,0
0,1,3,63,0,10,110,6.92307710647583,13000,3499,9,0,0,16,16,11,0,595182.125,83475.8125,4000000,2,0,0,0,0
0,1,3,63,0,10,110,6.92307710647583,13000,3499,9,0,0,16,16,11,0,602280.1875,0,4000000,2,0,0,0,0
0,1,3,63,0,10,110,6.92307710647583,13000,3499,9,0,0,16,16,11,0,601470.75,0,4000000,2,0,0,0,0
0,1,3,63,0,10,110,6.92307710647583,13000,3499,9,0,0,16,16,11,0,596472.875,0,4000000,2,0,0,0,0
0,1,3,63,0,10,110,6.92307710647583,13000,3499,9,0,0,16,16,11,0,592286.125,0,4000000,2,0,0,0,0
0,1,3,63,0,10,110,6.92307710647583,13000,3499,9,0,0,16,16,11,0,596079.3125,39824.5078125,4000000,2,0,0,0,0
0,1,3,63,0,10,110,6.92307710647583,13000,3499,9,0,0,16,16,11,0,602934.8125,67798.6875,4000000,2,0,0,0,0
0,1,3,63,0,10,110,6.92307710647583,13000,3499,9,0,0,16,16,11,0,601866.0625,67623.2890625,4000000,2,0,0,0,0
0,1,3,63,0,10,110,6.92307710647583,13000,3499,9,0,0,16,16,11,0,592108.5625,42361.79296875,4000000,2,0,0,0,0
0,1,3,63,0,10,110,6.92307710647583,13000,3499,9,0,0,16,16,11,0,600120.75,70442.015625,4000000,2,0,0,0,0
0,1,3,63,0,10,110,6.92307710647583,13000,3499,9,0,0,16,16,11,0,600658.0625,72181.3671875,4000000,2,0,0,0,0
0,1,3,63,0,10,110,6.92307710647583,13000,3499,9,0,0,16,16,11,0,597118,75809.296875,4000000,2,0,0,0,0
0,1,3,63,0,10,110,6.92307710647583,13000,3499,9,0,0,16,16,11,0,590029.1875,81412.5703125,4000000,2,0,0,0,0
0,1,3,63,0,10,110,6.92307710647583,13000,3499,9,0,0,16,16,11,0,597881,83475.8125,4000000,2,0,0,0,0
0,1,3,63,0,10,110,6.92307710647583,13000,3499,9,0,0,16,16,11,0,602307.6875,83475.8203125,4000000,2,0,0,0,0
0,1,3,63,0,10,110,6.92307710647583,13000,3499,9,0,0,16,16,11,0,602632.875,83475.8125,4000000,2,0,0,0,0
0,1,3,63,0,10,110,6.92307710647583,13000,3499,9,0,0,16,16,11,0,601946.5625,83475.8125,4000000,2,0,0,0,0
0,1,3,63,0,10,110,6.92307710647583,13000,3499,9,0,0,16,16,11,0,601340.75,83475.8125,4000000,2,0,0,0,0
0,1,3,63,0,10,110,6.92307710647583,13000,3499,9,0,0,16,16,11,0,600878.625,83475.8125,4000000,2,0,0,0,0
0,1,3,63,0,10,110,6.92307710647583,13000,3499,9,0,0,16,16,11,0,596482.375,83475.8203125,4000000,2,0,0,0,0
0,1,3,63,0,10,110,6.92307710647583,13000,3499,9,0,0,16,16,11,0,587200.125,83475.8203125,4000000,2,0,0,0,0
0,1,3,63,0,10,110,6.92307710647583,13000,3499,9,0,0,16,16,11,0,590500.375,83475.8125,4000000,2,0,0,0,0
0,1,3,63,0,10,110,6.92307710647583,13000,3499,9,0,0,16,16,11,0,592014.875,83475.8125,4000000,2,0,0,0,0
0,1,3,63,0,10,110,6.92307710647583,13000,3499,9,0,0,16,16,11,0,596309.0625,83475.8203125,4000000,2,0,0,0,0
0,1,3,63,0,10,110,6.92307710647583,13000,3499,9,0,0,16,16,11,0,597862.75,83475.8125,4000000,2,0,0,0,0
0,1,3,63,0,10,110,6.92307710647583,13000,3499,9,0,0,16,16,11,0,599755.3125,83475.8203125,4000000,2,0,0,0,0
0,1,3,63,0,10,110,6.92307710647583,13000,3499,9,0,0,16,16,11,0,603563.6875,83475.8125,4000000,2,0,0,0,0
0,1,3,63,0,10,110,6.92307710647583,13000,3499,9,0,0,16,16,11,0,602314.0625,83475.8203125,4000000,2,0,0,0,0
0,1,3,63,0,10,110,6.92307710647583,13000,3499,9,0,0,16,16,11,0,601927.8125,83475.8203125,4000000,2,0,0,0,0
0,1,3,63,0,10,110,6.92307710647583,13000,3499,9,0,0,16,16,11,0,600722.375,83475.8203125,4000000,2,0,0,0,0
0,1,3,63,0,10,110,6.92307710647583,13000,3499,9,0,0,16,16,11,0,599946.3125,83475.8125,4000000,2,0,0,0,0
0,1,3,63,0,10,110,6.92307710647583,13000,3499,9,0,0,16,16,11,0,599518.9375,83475.8125,4000000,2,0,0,0,0
0,1,3,63,0,10,110,6.92307710647583,13000,3499,9,0,0,16,16,11,0,597900.75,83475.8125,4000000,2,0,0,0,0
0,1,3,63,0,10,110,6.92307710647583,13000,3499,9,0,0,16,16,11,0,591953.5625,83475.8125,4000000,2,0,0,0,0
0,1,3,63,0,10,110,6.92307710647583,13000,3499,9,0,0,16,16,11,0,594745.75,83475.828125,4000000,2,0,0,0,0
0,1,3,63,0,10,110,6.92307710647583,13000,3499,9,0,0,16,16,11,0,595456.75,83475.8203125,4000000,2,0,0,0,0
0,1,3,63,0,10,110,6.92307710647583,13000,3499,9,0,0,16,16,11,0,596548.125,83475.8203125,4000000,2,0,0,0,0
0,1,3,63,0,10,110,6.92307710647583,13000,3499,9,0,0,16,16,11,0,601090.6875,83475.8125,4000000,2,0,0,0,0
0,1,3,63,0,10,110,6.92307710647583,13000,3499,9,0,0,16,16,11,0,603362.25,83475.8125,4000000,2,0,0,0,0
0,1,3,63,0,10,110,6.92307710647583,13000,3499,9,0,0,16,16,11,0,602795.6875,83475.8125,4000000,2,0,0,0,0
0,1,3,63,0,10,110,6.92307710647583,13000,3499,9,0,0,16,16,11,0,603436.9375,0,4000000,2,0,0,0,0
0,1,3,63,0,10,110,6.92307710647583,13000,3499,9,0,0,16,16,11,0,578467.25,0,4000000,2,0,0,0,0
0,1,3,63,0,10,110,6.92307710647583,13000,3499,9,0,0,16,16,11,0,587799.5,0,4000000,2,0,0,0,0
0,1,3,63,0,10,110,6.92307710647583,13000,3499,9,0,0,16,16,11,0,596072.75,19334.197265625,4000000,2,0,0,0,0
0,1,3,63,0,10,110,6.92307710647583,13000,3499,9,0,0,16,16,11,0,586616.625,80552.8359375,4000000,2,0,0,0,0
0,1,3,63,0,10,110,6.92307710647583,13000,3499,9,0,0,16,16,11,0,588366.875,81287.8125,4000000,2,0,0,0,0
0,1,3,63,0,10,110,6.92307710647583,13000,3499,9,0,0,16,16,11,0,579815.6875,83475.8125,4000000,2,0,0,0,0
0,1,3,63,0,10,110,6.92307710647583,13000,3499,9,0,0,16,16,11,0,577614.375,83475.8125,4000000,2,0,0,0,0
0,1,3,63,0,10,110,6.92307710647583,13000,3499,9,0,0,16,16,11,0,603216.4375,83475.8125,4000000,2,0,0,0,0
0,1,3,63,0,10,110,6.92307710647583,13000,3499,9,0,0,16,16,11,0,602544.5625,83475.8203125,4000000,2,0,0,0,0
0,1,3,63,0,10,110,6.92307710647583,13000,3499,9,0,238,16,16,11,0,600480.3125,83475.8203125,4000000,2,0,0,0,0
0,1,3,63,0,10,110,6.92307710647583,13000,3499,9,0,231,16,16,11,0,599885.0625,83475.828125,4000000,2,0,0,0,0
0,1,3,63,0,10,110,6.92307710647583,13000,3499,9,0,224,16,16,11,0,598260.6875,83475.8125,4000000,2,0,0,0,0
0,1,3,63,0,10,110,6.92307710647583,13000,3499,9,0,217,16,16,11,0,596354.8125,83475.8125,4000000,2,0,0,0,0
0,1,3,63,0,10,110,6.92307710647583,13000,3499,9,0,209,16,16,11,0,594558.4375,83475.8125,4000000,2,0,0,0,0
0,1,3,63,0,10,110,6.92307710647583,13000,3499,9,0,195,16,16,11,0,573514.125,0,4000000,2,0,0,0,0
0,1,3,63,0,10,110,6.92307710647583,13000,3499,9,0,175,16,16,11,0,568645.6875,0,4000000,2,0,0,0,0
0,1,3,63,0,10,110,6.92307710647583,13000,3499,9,0,169,16,16,11,0,589178.0625,0,4000000,2,0,0,0,0
0,1,3,63,0,10,110,6.92307710647583,13000,3499,9,0,148,16,16,11,0,600780.875,0,4000000,2,0,0,0,0
0,1,3,63,0,10,110,6.92307710647583,13000,3499,9,0,111,16,16,11,0,582949.8125,60039.38671875,4000000,2,0,0,0,0
0,1,3,63,0,10,110,6.92307710647583,13000,3499,9,0,84,16,16,11,0,572943.9375,65185.5859375,4000000,2,0,0,0,0
0,1,3,63,0,10,110,6.92307710647583,13000,3499,9,0,67,16,16,11,0,601223.0625,67020.4296875,4000000,2,0,0,0,0
0,1,3,63,0,10,110,6.92307710647583,13000,3499,9,0,62,16,16,11,0,601098.25,67868.734375,4000000,2,0,0,0,0
0,1,3,63,0,10,110,6.92307710647583,13000,3499,9,0,50,16,16,11,0,601102.25,70653.3046875,4000000,2,0,0,0,0
0,1,3,63,0,10,110,6.92307710647583,13000,3499,9,0,39,16,16,11,0,599753.5,74360.4609375,4000000,2,0,0,0,0
0,1,3,63,0,10,110,6.92307710647583,13000,3499,9,0,27,16,16,11,0,594350.75,78034.2265625,4000000,2,0,0,0,0
0,1,3,63,0,10,110,6.92307710647583,13000,3499,9,0,14,16,16,11,0,597650.625,81105.3125,4000000,2,0,0,0,0
0,1,3,63,0,10,110,6.92307710647583,13000,3499,9,1,0,16,16,11,0,603179.0625,83475.8125,4000000,2,0,0,0,0
0,1,3,63,0,10,110,6.92307710647583,13000,3499,9,1,0,16,16,11,0,601019.5625,83475.8125,4000000,2,0,0,0,0
0,1,3,63,0,10,110,6.92307710647583,13000,3499,9,1,0,16,16,11,0,599900.75,83475.8125,4000000,2,0,0,0,0
0,1,3,63,0,10,110,6.92307710647583,13000,3499,9,0,0,16,16,11,0,598454.375,83475.8125,4000000,2,0,0,0,0
0,1,3,63,0,10,110,6.92307710647583,13000,3499,9,0,0,16,16,11,0,592542.25,83475.8125,4000000,2,0,0,0,0
0,1,3,63,0,10,110,6.92307710647583,13000,3499,9,0,0,16,16,11,0,588862.6875,83475.8203125,4000000,2,0,0,0,0
0,1,3,63,0,10,110,6.92307710647583,13000,3499,9,0,0,16,16,11,0,581191.4375,83475.828125,4000000,2,0,0,0,0
0,1,3,63,0,10,110,6.92307710647583,13000,3499,9,0,0,16,16,11,0,602771.6875,83475.8125,4000000,2,0,0,0,0
0,1,3,63,0,10,110,6.92307710647583,13000,3499,9,0,0,16,16,11,0,600519.5625,83475.828125,4000000,2,0,0,0,0
0,1,3,63,0,10,110,6.92307710647583,13000,3499,9,0,0,16,16,11,0,600164.9375,83475.8125,4000000,2,0,0,0,0
0,1,3,63,0,10,110,6.92307710647583,13000,3499,9,0,0,16,16,12,0,598712.875,83475.8125,4000000,2,0,0,0,0
0,1,3,63,0,10,110,6.92307710647583,13000,3499,9,0,0,16,16,12,0,595275.125,83475.8125,4000000,2,0,0,0,0
0,1,3,63,0,10,110,6.92307710647583,13000,3499,9,0,0,16,16,12,0,593160.125,83475.8203125,4000000,2,0,0,0,0
0,1,3,63,0,10,110,6.92307710647583,13000,3499,9,0,0,16,16,12,0,590187.75,83475.8125,4000000,2,0,0,0,0
0,1,3,63,0,10,110,6.92307710647583,13000,3499,9,0,0,16,16,12,0,600781.6875,83475.8125,4000000,2,0,0,0,0
0,1,3,63,0,10,110,6.92307710647583,13000,3499,9,0,0,16,16,12,0,603356.8125,83475.8125,4000000,2,0,0,0,0
0,1,3,63,0,10,110,6.92307710647583,13000,3499,9,0,0,16,16,12,0,603077.9375,83475.8125,4000000,2,0,0,0,0
0,1,3,63,0,10,110,6.92307710647583,13000,3499,9,0,0,16,16,12,0,602804,83475.8125,4000000,2,0,0,0,0
0,1,3,63,0,10,110,6.92307710647583,13000,3499,9,0,0,16,16,12,0,602536.6875,83475.8125,4000000,2,0,0,0,0
0,1,3,63,0,10,110,6.92307710647583,13000,3499,9,0,0,16,16,12,0,602278.375,83475.8125,4000000,2,0,0,0,0
0,1,3,63,0,10,110,6.92307710647583,13000,3499,9,0,0,16,16,12,0,601369.0625,83475.8125,4000000,2,0,0,0,0
0,1,3,63,0,10,110,6.92307710647583,13000,3499,9,0,0,16,16,12,0,600289.375,83475.8125,4000000,2,0,0,0,0
0,1,3,63,0,10,110,6.92307710647583,13000,3499,9,0,0,16,16,12,0,599881.9375,82486.640625,4000000,2,0,0,0,0
0,1,3,63,0,10,110,6.92307710647583,13000,3499,9,0,0,16,16,12,0,599789.5625,81967.5390625,4000000,2,0,0,0,0
0,1,3,63,0,10,110,6.92307710647583,13000,3499,9,0,0,16,16,12,0,599497.3125,81419.109375,4000000,2,0,0,0,0
0,1,3,63,0,10,110,6.92307710647583,13000,3499,9,0,226,16,16,12,0,598439.6875,79908.1484375,4000000,2,0,0,0,0
0,1,3,63,0,10,110,6.92307710647583,13000,3499,9,0,208,16,16,12,0,589990.875,0,4000000,2,0,0,0,0
0,1,3,63,0,10,110,6.92307710647583,13000,3499,9,0,200,16,16,12,0,600335.5,0,4000000,2,0,0,0,0
0,1,3,63,0,10,110,6.92307710647583,13000,3499,9,0,184,16,16,12,0,596114.5,0,4000000,2,0,0,0,0
0,1,3,63,0,10,110,6.92307710647583,13000,3499,9,0,170,16,16,12,0,589232.75,0,4000000,2,0,0,0,0
0,1,3,63,0,10,110,6.92307710647583,13000,3499,9,0,152,16,16,12,0,595190.5,0,4000000,2,0,0,0,0
0,1,3,63,0,10,110,6.92307710647583,13000,3499,9,0,146,16,16,12,0,601237.5,0,4000000,2,0,0,0,0
0,1,3,63,0,10,110,6.92307710647583,13000,3499,9,0,127,16,16,12,0,603257.5625,0,4000000,2,0,0,0,0
0,1,3,63,0,10,110,6.92307710647583,13000,3499,9,0,115,16,16,12,0,590957.625,0,4000000,2,0,0,0,0
0,1,3,63,0,10,110,6.92307710647583,13000,3499,9,0,112,16,16,12,0,585634.0625,0,4000000,2,0,0,0,0
0,1,3,63,0,10,110,6.92307710647583,13000,3499,9,0,95,16,16,12,0,545405.6875,2506.156494140625,4000000,2,0,0,0,0
0,1,3,63,0,10,110,6.92307710647583,13000,3499,9,0,90,16,16,12,0,540708.6875,5271.3515625,4000000,2,0,0,0,0
0,1,3,63,0,10,110,6.92307710647583,13000,3499,9,0,83,16,16,12,0,528430.125,5617.56884765625,4000000,2,0,0,0,0
0,1,3,63,0,10,110,6.92307710647583,13000,3499,9,0,79,16,16,12,0,527762.5,7442.29736328125,4000000,2,0,0,0,0
0,1,3,63,0,10,110,6.92307710647583,13000,3499,9,0,76,16,16,12,0,540241.1875,11100.435546875,4000000,2,0,0,0,0
0,1,3,63,0,10,110,6.92307710647583,13000,3499,9,0,68,16,16,12,0,588289.3125,20619.005859375,4000000,2,0,0,0,0
0,1,3,63,0,10,110,6.92307710647583,13000,3499,9,0,56,16,16,12,0,592169.5625,32729.689453125,4000000,2,0,0,0,0
0,1,3,63,0,10,110,6.92307710647583,13000,3499,9,0,51,16,16,12,0,590415.5625,35707.56640625,4000000,2,0,0,0,0
0,1,3,63,0,10,110,6.92307710647583,13000,3499,9,0,33,16,16,12,0,602609.0625,45799.82421875,4000000,2,0,0,0,0
0,1,3,63,0,10,110,6.92307710647583,13000,3499,9,0,23,16,16,12,0,600842.375,50954.8828125,4000000,2,0,0,0,0
0,1,3,63,0,10,110,6.92307710647583,13000,3499,9,0,17,16,16,12,0,599761.9375,53458.4921875,4000000,2,0,0,0,0
0,1,3,63,0,10,110,6.92307710647583,13000,3499,9,1,0,16,16,12,0,593687.9375,64491.609375,4000000,2,0,0,0,0
0,1,3,63,0,10,110,6.92307710647583,13000,3499,9,1,0,16,16,12,0,603143.875,66514.625,4000000,2,0,0,0,0
0,1,3,63,0,10,110,6.92307710647583,13000,3499,9,1,0,16,16,12,0,602611.125,68625.53125,4000000,2,0,0,0,0
0,1,3,63,0,10,110,6.92307710647583,13000,3499,9,0,0,16,16,12,0,595799.1875,76798.109375,4000000,2,0,0,0,0
0,1,3,63,0,10,110,6.92307710647583,13000,3499,9,0,0,16,16,12,0,593103.375,78747.6640625,4000000,2,0,0,0,0
0,1,3,63,0,10,110,6.92307710647583,13000,3499,9,0,0,16,16,12,0,590265.75,80642.03125,4000000,2,0,0,0,0
0,1,3,63,0,10,110,6.92307710647583,13000,3499,9,0,0,16,16,12,0,586937.375,82475.0234375,4000000,2,0,0,0,0
0,1,3,63,0,10,110,6.92307710647583,13000,3499,9,0,0,16,16,12,0,578346.875,83475.8125,4000000,2,0,0,0,0
0,1,3,63,0,10,110,6.92307710647583,13000,3499,9,0,0,16,16,12,0,577966.9375,83475.8125,4000000,2,0,0,0,0
0,1,3,63,0,10,110,6.92307710647583,13000,3499,9,0,0,16,16,12,0,601670.375,83475.8125,4000000,2,0,0,0,0
0,1,3,63,0,10,110,6.92307710647583,13000,3499,9,0,0,16,16,12,0,601000.9375,83475.8203125,4000000,2,0,0,0,0
0,1,3,63,0,10,110,6.92307710647583,13000,3499,9,0,0,16,16,12,0,599783.1875,83475.8125,4000000,2,0,0,0,0
0,1,3,63,0,10,110,6.92307710647583,13000,3499,9,0,0,16,16,12,0,597770.9375,83475.8125,4000000,2,0,0,0,0
0,1,3,63,0,10,110,6.92307710647583,13000,3499,9,0,0,16,16,12,0,595809.25,83475.8125,4000000,2,0,0,0,0
0,1,3,63,0,10,110,6.92307710647583,13000,3499,9,0,0,16,16,12,0,593857.125,83475.8125,4000000,2,0,0,0,0
0,1,3,63,0,10,110,6.92307710647583,13000,3499,9,0,0,16,16,12,0,590178.1875,83475.8125,4000000,2,0,0,0,0
0,1,3,63,0,10,110,6.92307710647583,13000,3499,9,0,0,16,16,12,0,586008.0625,83475.8125,4000000,2,0,0,0,0
0,1,3,63,0,10,110,6.92307710647583,13000,3499,9,0,0,16,16,12,0,583470.1875,83475.8125,4000000,2,0,0,0,0
0,1,3,63,0,10,110,6.92307710647583,13000,3499,9,0,0,16,16,12,0,603248.5625,83475.8125,4000000,2,0,0,0,0
0,1,3,63,0,10,110,6.92307710647583,13000,3499,9,0,0,16,16,12,0,601730.5,83475.8125,4000000,2,0,0,0,0
0,1,3,63,0,10,110,6.92307710647583,13000,3499,9,0,0,16,16,12,0,601323,83475.8125,4000000,2,0,0,0,0
0,1,3,63,0,10,110,6.92307710647583,13000,3499,9,0,0,16,16,12,0,600279.0625,83475.8125,4000000,2,0,0,0,0
0,1,3,63,0,10,110,6.92307710647583,13000,3499,9,0,0,16,16,12,0,599326.25,83475.8125,4000000,2,0,0,0,0
0,1,3,63,0,10,110,6.92307710647583,13000,3499,9,0,0,16,16,12,0,593974.6875,83475.8125,4000000,2,0,0,0,0
0,1,3,63,0,10,110,6.92307710647583,13000,3499,9,0,0,16,16,12,0,595263.5625,83475.8125,4000000,2,0,0,0,0
0,1,3,63,0,10,110,6.92307710647583,13000,3499,9,0,0,16,16,12,0,598851.125,83475.8125,4000000,2,0,0,0,0
0,1,3,63,0,10,110,6.92307710647583,13000,3499,9,0,0,16,16,12,0,600397,83475.8203125,4000000,2,0,0,0,0
0,1,3,63,0,10,110,6.92307710647583,13000,3499,9,0,0,16,16,12,0,598798.8125,83475.8125,4000000,2,0,0,0,0
0,1,3,63,0,10,110,6.92307710647583,13000,3499,9,0,0,16,16,12,0,602724.9375,83475.8125,4000000,2,0,0,0,0
0,1,3,63,0,10,110,6.92307710647583,13000,3499,9,0,0,16,16,12,0,602487.125,83475.8125,4000000,2,0,0,0,0
0,1,3,63,0,10,110,6.92307710647583,13000,3499,9,0,0,16,16,12,0,602256.0625,83475.8125,4000000,2,0,0,0,0
0,1,3,63,0,10,110,6.92307710647583,13000,3499,9,0,0,16,16,12,0,602024.5625,83475.8125,4000000,2,0,0,0,0
0,1,3,63,0,10,110,6.92307710647583,13000,3499,9,0,0,16,16,12,0,601795.8125,83475.8125,4000000,2,0,0,0,0
0,1,3,63,0,10,110,6.92307710647583,13000,3499,9,0,0,16,16,12,0,601127.9375,83475.8125,4000000,2,0,0,0,0
0,1,3,63,0,10,110,6.92307710647583,13000,3499,9,0,0,16,16,12,0,600733.3125,83475.8125,4000000,2,0,0,0,0
0,1,3,63,0,10,110,6.92307710647583,13000,3499,9,0,0,16,16,12,0,600550.9375,83475.8125,4000000,2,0,0,0,0
0,1,3,63,0,10,110,6.92307710647583,13000,3499,9,0,0,16,16,12,0,599986.875,83014.359375,4000000,2,0,0,0,0
0,1,3,63,0,10,110,6.92307710647583,13000,3499,9,0,0,16,16,12,0,599907,82623.765625,4000000,2,0,0,0,0
0,1,3,63,0,10,110,6.92307710647583,13000,3499,9,0,0,16,16,12,0,599817.3125,82135.7421875,4000000,2,0,0,0,0
0,1,3,63,0,10,110,6.92307710647583,13000,3499,9,0,0,16,16,12,0,599774.875,81997.3046875,4000000,2,0,0,0,0
0,1,3,63,0,10,110,6.92307710647583,13000,3499,9,0,0,16,16,12,0,599634.6875,81778.9296875,4000000,2,0,0,0,0
0,1,3,63,0,10,110,6.92307710647583,13000,3499,9,0,0,16,16,12,0,599506.5625,81600.1953125,4000000,2,0,0,0,0
0,1,3,63,0,10,110,6.92307710647583,13000,3499,9,0,0,16,16,12,0,593015.3125,0,4000000,2,0,0,0,0
0,1,3,63,0,10,110,6.92307710647583,13000,3499,9,0,0,16,16,12,0,603618.0625,0,4000000,2,0,0,0,0
0,1,3,63,0,10,110,6.92307710647583,13000,3499,9,0,0,16,16,12,0,595247.1875,0,4000000,2,0,0,0,0
0,1,3,63,0,10,110,6.92307710647583,13000,3499,9,0,0,16,16,12,0,592150.9375,0,4000000,2,0,0,0,0
0,1,3,63,0,10,110,6.92307710647583,13000,3499,9,0,0,16,16,12,0,601291.75,0,4000000,2,0,0,0,0
0,1,3,63,0,10,110,6.92307710647583,13000,3499,9,0,0,16,16,12,0,600184.625,0,4000000,2,0,0,0,0
0,1,3,63,0,10,110,6.92307710647583,13000,3499,9,0,156,16,16,12,0,600335.875,0,4000000,2,0,0,0,0
0,1,3,63,0,10,110,6.92307710647583,13000,3499,9,0,149,16,16,12,0,543572.125,0,4000000,2,0,0,0,0
0,1,3,63,0,10,110,6.92307710647583,13000,3499,9,0,143,16,16,12,0,464062.28125,0,4000000,2,0,0,0,0
0,1,3,63,0,10,110,6.92307710647583,13000,3499,9,0,140,16,16,12,0,459685.78125,0,4000000,2,0,0,0,0
0,1,3,63,0,10,110,6.92307710647583,13000,3499,9,0,137,16,16,12,0,449277.21875,0,4000000,2,0,0,0,0
0,1,3,63,0,10,110,6.92307710647583,13000,3499,9,0,135,16,16,12,0,391089.03125,0,4000000,2,0,0,0,0
0,1,3,63,0,10,110,6.92307710647583,13000,3499,9,0,130,16,16,12,0,370202.28125,0,4000000,2,0,0,0,0
0,1,3,63,0,10,110,6.92307710647583,13000,3499,9,0,127,16,16,12,0,358012.875,0,4000000,2,0,0,0,0
0,1,3,63,0,10,110,6.92307710647583,13000,3499,9,0,111,16,16,12,0,260781.984375,0,4000000,2,0,0,0,0
0,1,3,63,0,10,110,6.92307710647583,13000,3499,9,0,108,16,16,12,0,252272.828125,0,4000000,2,0,0,0,0
0,1,3,63,0,10,110,6.92307710647583,13000,3499,9,0,98,16,16,12,0,239875.8125,0,4000000,2,0,0,0,0
0,1,3,63,0,10,110,6.92307710647583,13000,3499,9,0,97,16,16,12,0,248654.625,0,4000000,2,0,0,0,0
0,1,3,63,0,10,110,6.92307710647583,13000,3499,9,0,93,16,16,12,0,269324.09375,0,4000000,2,0,0,0,0
0,1,3,63,0,10,110,6.92307710647583,13000,3499,9,0,79,16,16,12,0,396648.625,0,4000000,2,0,0,0,0
0,1,3,63,0,10,110,6.92307710647583,13000,3499,9,0,77,16,16,12,0,413734.40625,0,4000000,2,0,0,0,0
0,1,3,63,0,10,110,6.92307710647583,13000,3499,9,0,74,16,16,12,0,445659.4375,0,4000000,2,0,0,0,0
0,1,3,63,0,10,110,6.92307710647583,13000,3499,9,0,71,16,16,12,0,498297.125,117.68811798095703,4000000,2,0,0,0,0
0,1,3,63,0,10,110,6.92307710647583,13000,3499,9,0,69,16,16,12,0,563992.625,2836.185791015625,4000000,2,0,0,0,0
0,1,3,63,0,10,110,6.92307710647583,13000,3499,9,0,66,16,16,12,0,602689.5,5961.10693359375,4000000,2,0,0,0,0
0,1,3,63,0,10,110,6.92307710647583,13000,3499,9,0,63,16,16,12,0,591427.9375,8700.4892578125,4000000,2,0,0,0,0
0,1,3,63,0,10,110,6.92307710647583,13000,3499,9,0,59,16,16,12,0,566337.1875,11392.359375,4000000,2,0,0,0,0
0,1,3,63,0,10,110,6.92307710647583,13000,3499,9,0,52,16,16,12,0,565758.4375,17148.55859375,4000000,2,0,0,0,0
0,1,3,63,0,10,110,6.92307710647583,13000,3499,9,0,49,16,16,12,0,587341,19773.353515625,4000000,2,0,0,0,0
0,1,3,63,0,10,110,6.92307710647583,13000,3499,9,0,34,16,16,12,0,599320.5625,32143.69140625,4000000,2,0,0,0,0
0,1,3,63,0,10,110,6.92307710647583,13000,3499,9,0,25,16,16,12,0,588952.5,38066.73046875,4000000,2,0,0,0,0
0,1,3,63,0,10,110,6.92307710647583,13000,3499,9,0,11,16,16,12,0,602613.375,45753.2890625,4000000,2,0,0,0,0
0,1,3,63,0,10,110,6.92307710647583,13000,3499,9,0,6,16,16,12,0,602372.5625,48547.34375,4000000,2,0,0,0,0
0,1,3,63,0,10,110,6.92307710647583,13000,3499,9,0,1,16,16,12,0,601047.8125,51193.80078125,4000000,2,0,0,0,0
0,1,3,63,0,10,110,6.92307710647583,13000,3499,9,1,0,16,16,12,0,598938.375,53698.9375,4000000,2,0,0,0,0
0,1,3,63,0,10,110,6.92307710647583,13000,3499,9,0,0,16,16,12,0,601100.375,71223.0546875,4000000,2,0,0,0,0
0,1,3,63,0,10,110,6.92307710647583,13000,3499,9,0,0,16,16,12,0,600123.25,73362.9375,4000000,2,0,0,0,0
0,1,3,63,0,10,110,6.92307710647583,13000,3499,9,0,0,16,16,12,0,602700.3125,83475.8125,4000000,2,0,0,0,0
0,1,3,63,0,10,110,6.92307710647583,13000,3499,9,0,0,16,16,12,0,600484.6875,83475.8203125,4000000,2,0,0,0,0
0,1,3,63,0,10,110,6.92307710647583,13000,3499,9,0,0,16,16,12,0,599948.375,83475.8125,4000000,2,0,0,0,0
0,1,3,63,0,10,110,6.92307710647583,13000,3499,9,0,0,16,16,12,0,595891.0625,83475.8125,4000000,2,0,0,0,0
0,1,3,63,0,10,110,6.92307710647583,13000,3499,9,0,0,16,16,12,0,592200,83475.8125,4000000,2,0,0,0,0
0,1,3,63,0,10,110,6.92307710647583,13000,3499,9,0,0,16,16,12,0,590254.875,83475.8203125,4000000,2,0,0,0,0
0,1,3,63,0,10,110,6.92307710647583,13000,3499,9,0,0,16,16,12,0,588091.375,83475.8125,4000000,2,0,0,0,0
0,1,3,63,0,10,110,6.92307710647583,13000,3499,9,0,0,16,16,12,0,601220.5625,83475.8125,4000000,2,0,0,0,0
0,1,3,63,0,10,110,6.92307710647583,13000,3499,9,0,0,16,16,12,0,603002.5625,83475.8125,4000000,2,0,0,0,0
0,1,3,63,0,10,110,6.92307710647583,13000,3499,9,0,0,16,16,12,0,601894.8125,83475.8125,4000000,2,0,0,0,0
0,1,3,63,0,10,110,6.92307710647583,13000,3499,9,0,0,16,16,12,0,600619.5,83475.8125,4000000,2,0,0,0,0
0,1,3,63,0,10,110,6.92307710647583,13000,3499,9,0,0,16,16,12,0,598920.125,83475.8125,4000000,2,0,0,0,0
0,1,3,63,0,10,110,6.92307710647583,13000,3499,9,0,0,16,16,12,0,596392.9375,83475.8125,4000000,2,0,0,0,0
0,1,3,63,0,10,110,6.92307710647583,13000,3499,9,0,0,16,16,12,0,595217.625,83475.8203125,4000000,2,0,0,0,0
0,1,3,63,0,10,110,6.92307710647583,13000,3499,9,0,0,16,16,12,0,594252.0625,83475.8125,4000000,2,0,0,0,0
0,1,3,63,0,10,110,6.92307710647583,13000,3499,9,0,0,16,16,12,0,593008.9375,83475.8203125,4000000,2,0,0,0,0
0,1,3,63,0,10,110,6.92307710647583,13000,3499,9,0,0,16,16,12,0,590902.4375,83475.8125,4000000,2,0,0,0,0
0,1,3,63,0,10,110,6.92307710647583,13000,3499,9,0,0,16,16,12,0,600715.75,83475.8125,4000000,2,0,0,0,0
0,1,3,63,0,10,110,6.92307710647583,13000,3499,9,0,0,16,16,12,0,602238.1875,83475.8125,4000000,2,0,0,0,0
0,1,3,63,0,10,110,6.92307710647583,13000,3499,9,0,0,16,16,12,0,603350.625,83475.8203125,4000000,2,0,0,0,0
0,1,3,63,0,10,110,6.92307710647583,13000,3499,9,0,0,16,16,12,0,602468.4375,83475.8125,4000000,2,0,0,0,0
0,1,3,63,0,10,110,6.92307710647583,13000,3499,9,0,0,16,16,12,0,602175.125,83475.8125,4000000,2,0,0,0,0
0,1,3,63,0,10,110,6.92307710647583,13000,3499,9,0,0,16,16,12,0,600526.125,83475.8125,4000000,2,0,0,0,0
0,1,3,63,0,10,110,6.92307710647583,13000,3499,9,0,0,16,16,12,0,598535.4375,80334.375,4000000,2,0,0,0,0
0,1,3,63,0,10,110,6.92307710647583,13000,3499,9,0,0,16,16,12,0,598036.25,79592.984375,4000000,2,0,0,0,0
0,1,3,63,0,10,110,6.92307710647583,13000,3499,9,0,0,16,16,12,0,578281.625,67973.375,4000000,2,0,0,0,0
0,1,3,63,0,10,110,6.92307710647583,13000,3499,9,1,0,16,16,12,0,589381.3125,0,4000000,2,0,0,0,0
0,1,3,63,0,10,110,6.92307710647583,13000,3499,9,1,0,16,16,12,0,578205.5625,0,4000000,2,0,0,0,0
0,1,3,63,0,10,110,6.92307710647583,13000,3499,9,1,0,16,16,12,0,597883.5,0,4000000,2,0,0,0,0
0,1,3,63,0,10,110,6.92307710647583,13000,3499,9,0,0,16,16,12,0,600397.125,0,4000000,2,0,0,0,0
0,1,3,63,0,10,110,6.92307710647583,13000,3499,9,0,0,16,16,12,0,583970,0,4000000,2,0,0,0,0
0,1,3,63,0,10,110,6.92307710647583,13000,3499,9,0,0,16,16,12,0,593659.1875,0,4000000,2,0,0,0,0
0,1,3,63,0,10,110,6.92307710647583,13000,3499,9,0,0,16,16,12,0,572972,0,4000000,2,0,0,0,0
0,1,3,63,0,10,110,6.92307710647583,13000,3499,9,0,0,16,16,12,0,591823.0625,0,4000000,2,0,0,0,0
0,1,3,63,0,10,110,6.92307710647583,13000,3499,9,0,0,16,16,12,0,589076.0625,0,4000000,2,0,0,0,0
0,1,3,63,0,10,110,6.92307710647583,13000,3499,9,0,0,16,16,12,0,571236.125,0,4000000,2,0,0,0,0
0,1,3,63,0,10,110,6.92307710647583,13000,3499,9,0,0,16,16,12,0,535997.8125,359.2691345214844,4000000,2,0,0,0,0
0,1,3,63,0,10,110,6.92307710647583,13000,3499,9,0,0,16,16,12,0,536495.0625,1563.7803955078125,4000000,2,0,0,0,0
0,1,3,63,0,10,110,6.92307710647583,13000,3499,9,0,0,16,16,12,0,566927.4375,4259.88720703125,4000000,2,0,0,0,0
0,1,3,63,0,10,110,6.92307710647583,13000,3499,9,0,0,16,16,12,0,565099.4375,27858.0390625,4000000,2,0,0,0,0
0,1,3,63,0,10,110,6.92307710647583,13000,3499,9,0,0,16,16,12,0,566975.625,29706.404296875,4000000,2,0,0,0,0
0,1,3,63,0,10,110,6.92307710647583,13000,3499,9,0,0,16,16,12,0,594795,34854.6484375,4000000,2,0,0,0,0
0,1,3,63,0,10,110,6.92307710647583,13000,3499,9,0,0,16,16,12,0,579600.75,40361.7421875,4000000,2,0,0,0,0
0,1,3,63,0,10,110,6.92307710647583,13000,3499,9,0,0,16,16,12,0,564235.6875,45322.64453125,4000000,2,0,0,0,0
0,1,3,63,0,10,110,6.92307710647583,13000,3499,9,0,0,16,16,12,0,564452.5625,47396.1640625,4000000,2,0,0,0,0
0,1,3,63,0,10,110,6.92307710647583,13000,3499,9,0,0,16,16,12,0,601669.625,49899.140625,4000000,2,0,0,0,0
0,1,3,63,0,10,110,6.92307710647583,13000,3499,9,0,0,16,16,12,0,600524.3125,52484.87890625,4000000,2,0,0,0,0
0,1,3,63,0,10,110,6.92307710647583,13000,3499,9,0,0,16,16,12,0,597892.3125,54988.41015625,4000000,2,0,0,0,0
0,1,3,63,0,10,110,6.92307710647583,13000,3499,9,0,0,16,16,12,0,589420.25,59702.375,4000000,2,0,0,0,0
0,1,3,63,0,10,110,6.92307710647583,13000,3499,9,0,0,16,16,12,0,584144,61899.453125,4000000,2,0,0,0,0
0,1,3,63,0,10,110,6.92307710647583,13000,3499,9,0,0,16,16,12,0,577968.75,63951.5078125,4000000,2,0,0,0,0
0,1,3,63,0,10,110,6.92307710647583,13000,3499,9,0,0,16,16,12,0,567003.875,67799.6328125,4000000,2,0,0,0,0
0,1,3,63,0,10,110,6.92307710647583,13000,3499,9,0,0,16,16,12,0,600337.3125,73311.1875,4000000,2,0,0,0,0
0,1,3,63,0,10,110,6.92307710647583,13000,3499,9,0,0,16,16,12,0,596129.375,76886.671875,4000000,2,0,0,0,0
0,1,3,63,0,10,110,6.92307710647583,13000,3499,9,0,0,16,16,12,0,593497.8125,78575.984375,4000000,2,0,0,0,0
0,1,3,63,0,10,110,6.92307710647583,13000,3499,9,0,0,16,16,12,0,591071.25,80235.09375,4000000,2,0,0,0,0
0,1,3,63,0,10,110,6.92307710647583,13000,3499,9,0,0,16,16,12,0,588644,81871.1328125,4000000,2,0,0,0,0
0,1,3,63,0,10,110,6.92307710647583,13000,3499,9,0,0,16,16,12,0,574098.5,83475.8203125,4000000,2,0,0,0,0
0,1,3,63,0,10,110,6.92307710647583,13000,3499,9,0,0,16,16,12,0,600997.25,83475.8125,4000000,2,0,0,0,0
0,1,3,63,0,10,110,6.92307710647583,13000,3499,9,0,0,16,16,12,0,600620.4375,83475.8125,4000000,2,0,0,0,0
0,1,3,63,0,10,110,6.92307710647583,13000,3499,9,0,0,16,16,12,0,599627.875,83475.8125,4000000,2,0,0,0,0
0,1,3,63,0,10,110,6.92307710647583,13000,3499,9,0,0,16,16,12,0,598156.25,83475.8125,4000000,2,0,0,0,0
0,1,3,63,0,10,110,6.92307710647583,13000,3499,9,0,0,16,16,12,0,593741.875,83475.8125,4000000,2,0,0,0,0
0,1,3,63,0,10,110,6.92307710647583,13000,3499,9,0,0,16,16,12,0,592393,83475.8125,4000000,2,0,0,0,0
0,1,3,63,0,10,110,6.92307710647583,13000,3499,9,0,0,16,16,12,0,583741.375,83475.8125,4000000,2,0,0,0,0
0,1,3,63,0,10,110,6.92307710647583,13000,3499,9,0,0,16,16,12,0,603670.5625,83475.8125,4000000,2,0,0,0,0
0,1,3,63,0,10,110,6.92307710647583,13000,3499,9,0,0,16,16,12,0,602823.1875,83475.8125,4000000,2,0,0,0,0
0,1,3,63,0,10,110,6.92307710647583,13000,3499,9,0,0,16,16,12,0,602379.375,83475.8125,4000000,2,0,0,0,0
0,1,3,63,0,10,110,6.92307710647583,13000,3499,9,0,0,16,16,12,0,602004.5625,83475.8203125,4000000,2,0,0,0,0
0,1,3,63,0,10,110,6.92307710647583,13000,3499,9,0,0,16,16,12,0,601590.9375,83475.8125,4000000,2,0,0,0,0
0,1,3,63,0,10,110,6.92307710647583,13000,3499,9,0,0,16,16,12,0,601041.875,83475.8125,4000000,2,0,0,0,0
0,1,3,63,0,10,110,6.92307710647583,13000,3499,9,0,0,16,16,12,0,597671,0,4000000,2,0,0,0,0
0,1,3,63,0,10,110,6.92307710647583,13000,3499,9,0,0,16,16,12,0,602284.1875,0,4000000,2,0,0,0,0
0,1,3,63,0,10,110,6.92307710647583,13000,3499,9,0,0,16,16,12,0,588967.4375,0,4000000,2,0,0,0,0
0,1,3,63,0,10,110,6.92307710647583,13000,3499,9,0,0,16,16,12,0,547095.75,0,4000000,2,0,0,0,0
0,1,3,63,0,10,110,6.92307710647583,13000,3499,9,0,0,16,16,12,0,600173.25,0,4000000,2,0,0,0,0
0,1,3,63,0,10,110,6.92307710647583,13000,3499,9,0,0,16,16,12,0,574326.125,0,4000000,2,0,0,0,0
0,1,3,63,0,10,110,6.92307710647583,13000,3499,9,0,0,16,16,12,0,594667,0,4000000,2,0,0,0,0
0,1,3,63,0,10,110,6.92307710647583,13000,3499,9,0,0,16,16,12,0,589769.5625,0,4000000,2,0,0,0,0
0,1,3,63,0,10,110,6.92307710647583,13000,3499,9,0,0,16,16,12,0,598581.1875,8952.310546875,4000000,2,0,0,0,0
0,1,3,63,0,10,110,6.92307710647583,13000,3499,9,0,0,16,16,12,0,565554.875,46191.1875,4000000,2,0,0,0,0
0,1,3,63,0,10,110,6.92307710647583,13000,3499,9,0,0,16,16,12,0,564691.3125,47348.30078125,4000000,2,0,0,0,0
0,1,3,63,0,10,110,6.92307710647583,13000,3499,9,0,0,16,16,12,0,602078.25,49472.6015625,4000000,2,0,0,0,0
0,1,3,63,0,10,110,6.92307710647583,13000,3499,9,0,0,16,16,12,0,600515.5625,51908.09765625,4000000,2,0,0,0,0
0,1,3,63,0,10,110,6.92307710647583,13000,3499,9,0,0,16,16,12,0,595065.4375,56713.67578125,4000000,2,0,0,0,0
0,1,3,63,0,10,110,6.92307710647583,13000,3499,9,0,0,16,16,12,0,589139.375,58741.4921875,4000000,2,0,0,0,0
0,1,3,63,0,10,110,6.92307710647583,13000,3499,9,0,0,16,16,12,0,580353.0625,62264.17578125,4000000,2,0,0,0,0
0,1,3,63,0,10,110,6.92307710647583,13000,3499,9,0,0,16,16,12,0,571420.25,65407.04296875,4000000,2,0,0,0,0
0,1,3,63,0,10,110,6.92307710647583,13000,3499,9,0,0,16,16,12,0,603317,67810.96875,4000000,2,0,0,0,0
0,1,3,63,0,10,110,6.92307710647583,13000,3499,9,0,0,16,16,12,0,601694.375,69497.140625,4000000,2,0,0,0,0
0,1,3,63,0,10,110,6.92307710647583,13000,3499,9,0,0,16,16,12,0,600994.8125,71373.0625,4000000,2,0,0,0,0
0,1,3,63,0,10,110,6.92307710647583,13000,3499,9,0,0,16,16,12,0,600220.875,73373.234375,4000000,2,0,0,0,0
0,1,3,63,0,10,110,6.92307710647583,13000,3499,9,0,0,16,16,12,0,598377.9375,75427.0078125,4000000,2,0,0,0,0
0,1,3,63,0,10,110,6.92307710647583,13000,3499,9,0,0,16,16,12,0,585831.125,83154.171875,4000000,2,0,0,0,0
0,1,3,63,0,10,110,6.92307710647583,13000,3499,9,0,0,16,16,12,0,581520.4375,83475.8125,4000000,2,0,0,0,0
0,1,3,63,0,10,110,6.92307710647583,13000,3499,9,0,0,16,16,12,0,572939.6875,83475.8125,4000000,2,0,0,0,0
0,1,3,63,0,10,110,6.92307710647583,13000,3499,9,0,0,16,16,12,0,600410.5,83475.8125,4000000,2,0,0,0,0
0,1,3,63,0,10,110,6.92307710647583,13000,3499,9,0,0,16,16,12,0,598210.0625,83475.8125,4000000,2,0,0,0,0
0,1,3,63,0,10,110,6.92307710647583,13000,3499,9,0,0,16,16,12,0,577176.1875,0,4000000,2,0,0,0,0
0,1,3,63,0,10,110,6.92307710647583,13000,3499,9,0,0,16,16,12,0,591109.375,0,4000000,2,0,0,0,0
0,1,3,63,0,10,110,6.92307710647583,13000,3499,9,0,0,16,16,12,0,595651.875,0,4000000,2,0,0,0,0
0,1,3,63,0,10,110,6.92307710647583,13000,3499,9,0,0,16,16,12,0,598235.375,0,4000000,2,0,0,0,0
0,1,3,63,0,10,110,6.92307710647583,13000,3499,9,0,0,16,16,12,0,598357.4375,24534.54296875,4000000,2,0,0,0,0
0,1,3,63,0,10,110,6.92307710647583,13000,3499,9,0,0,16,16,12,0,600112.8125,26023.470703125,4000000,2,0,0,0,0
0,1,3,63,0,10,110,6.92307710647583,13000,3499,9,0,0,16,16,12,0,600733.6875,22338.45703125,4000000,2,0,0,0,0
0,1,3,63,0,10,110,6.92307710647583,13000,3499,9,0,0,16,16,12,0,602797.375,5846.1591796875,4000000,2,0,0,0,0
0,1,3,63,0,10,110,6.92307710647583,13000,3499,9,0,0,16,16,12,0,589094.75,20072.29296875,4000000,2,0,0,0,0
0,1,3,63,0,10,110,6.92307710647583,13000,3499,9,0,0,16,16,12,0,591965.1875,41804.8203125,4000000,2,0,0,0,0
0,1,3,63,0,10,110,6.92307710647583,13000,3499,9,0,0,16,16,12,0,593397.9375,50803.97265625,4000000,2,0,0,0,0
0,1,3,63,0,10,110,6.92307710647583,13000,3499,9,0,0,16,16,12,0,597541.3125,53430.41796875,4000000,2,0,0,0,0
0,1,3,63,0,10,110,6.92307710647583,13000,3499,9,0,0,16,16,12,0,597388.0625,55378.3125,4000000,2,0,0,0,0
0,1,3,63,0,10,110,6.92307710647583,13000,3499,9,0,0,16,16,12,0,603054.5625,66696.2265625,4000000,2,0,0,0,0
0,1,3,63,0,10,110,6.92307710647583,13000,3499,9,0,0,16,16,12,0,602269.9375,67568.2890625,4000000,2,0,0,0,0
0,1,3,63,0,10,110,6.92307710647583,13000,3499,9,0,0,16,16,12,0,600960.375,70773.265625,4000000,2,0,0,0,0
0,1,3,63,0,10,110,6.92307710647583,13000,3499,9,0,0,16,16,12,0,598046.0625,74252.265625,4000000,2,0,0,0,0
0,1,3,63,0,10,110,6.92307710647583,13000,3499,9,0,0,16,16,12,0,596219.9375,75527.875,4000000,2,0,0,0,0
0,1,3,63,0,10,110,6.92307710647583,13000,3499,9,0,0,16,16,12,0,594912.1875,76992.21875,4000000,2,0,0,0,0
0,1,3,63,0,10,110,6.92307710647583,13000,3499,9,0,0,16,16,12,0,593398.1875,78635.296875,4000000,2,0,0,0,0
0,1,3,63,0,10,110,6.92307710647583,13000,3499,9,0,0,16,16,12,0,588263.6875,81969.0390625,4000000,2,0,0,0,0
0,1,3,63,0,10,110,6.92307710647583,13000,3499,9,0,0,16,16,12,0,580991.3125,83475.8125,4000000,2,0,0,0,0
0,1,3,63,0,10,110,6.92307710647583,13000,3499,9,0,0,16,16,12,0,571576.9375,83475.8203125,4000000,2,0,0,0,0
0,1,3,63,0,10,110,6.92307710647583,13000,3499,9,0,0,16,16,12,0,600655.125,83475.8125,4000000,2,0,0,0,0
0,1,3,63,0,10,110,6.92307710647583,13000,3499,9,0,0,16,16,12,0,599536.625,83475.8125,4000000,2,0,0,0,0
0,1,3,63,0,10,110,6.92307710647583,13000,3499,9,0,0,16,16,12,0,596533.75,83475.8125,4000000,2,0,0,0,0
0,1,3,63,0,10,110,6.92307710647583,13000,3499,9,0,0,16,16,12,0,592592.125,83475.8125,4000000,2,0,0,0,0
0,1,3,63,0,10,110,6.92307710647583,13000,3499,9,0,0,16,16,12,0,591042.5,83475.8203125,4000000,2,0,0,0,0
0,1,3,63,0,10,110,6.92307710647583,13000,3499,9,0,0,16,16,12,0,578132.625,83475.8125,4000000,2,0,0,0,0
0,1,3,63,0,10,110,6.92307710647583,13000,3499,9,0,0,16,16,12,0,602988.875,83475.8125,4000000,2,0,0,0,0
0,1,3,63,0,10,110,6.92307710647583,13000,3499,9,0,0,16,16,12,0,602140.625,83475.8125,4000000,2,0,0,0,0
0,1,3,63,0,10,110,6.92307710647583,13000,3499,9,0,0,16,16,12,0,600489.6875,83475.8203125,4000000,2,0,0,0,0
0,1,3,63,0,10,110,6.92307710647583,13000,3499,9,0,0,16,16,12,0,600221.8125,83475.8125,4000000,2,0,0,0,0
0,1,3,63,0,10,110,6.92307710647583,13000,3499,9,0,0,16,16,12,0,600021.125,83475.8203125,4000000,2,0,0,0,0
0,1,3,63,0,10,110,6.92307710647583,13000,3499,9,0,0,16,16,12,0,599160.875,83475.8125,4000000,2,0,0,0,0
0,1,3,63,0,10,110,6.92307710647583,13000,3499,9,0,0,16,16,12,0,598879.1875,83475.8125,4000000,2,0,0,0,0
0,1,3,63,0,10,110,6.92307710647583,13000,3499,9,0,0,16,16,12,0,597018.25,83475.8125,4000000,2,0,0,0,0
0,1,3,63,0,10,110,6.92307710647583,13000,3499,9,0,0,16,16,12,0,596488.625,83475.828125,4000000,2,0,0,0,0
0,1,3,63,0,10,110,6.92307710647583,13000,3499,9,0,0,16,16,12,0,595730.1875,83475.8125,4000000,2,0,0,0,0
0,1,3,63,0,10,110,6.92307710647583,13000,3499,9,0,0,16,16,12,0,595415.6875,83475.8125,4000000,2,0,0,0,0
0,1,3,63,0,10,110,6.92307710647583,13000,3499,9,0,0,16,16,12,0,590244.1875,83475.8125,4000000,2,0,0,0,0
0,1,3,63,0,10,110,6.92307710647583,13000,3499,9,0,0,16,16,12,0,591367.9375,83475.8125,4000000,2,0,0,0,0
0,1,3,63,0,10,110,6.92307710647583,13000,3499,9,0,0,16,16,12,0,592683,83475.8125,4000000,2,0,0,0,0
0,1,3,63,0,10,110,6.92307710647583,13000,3499,9,0,0,16,16,12,0,594812.1875,83475.8125,4000000,2,0,0,0,0
0,1,3,63,0,10,110,6.92307710647583,13000,3499,9,0,0,16,16,12,0,595965.625,83475.8125,4000000,2,0,0,0,0
0,1,3,63,0,10,110,6.92307710647583,13000,3499,9,0,0,16,16,12,0,597590.5625,83475.8125,4000000,2,0,0,0,0
0,1,3,63,0,10,110,6.92307710647583,13000,3499,9,0,0,16,16,12,0,599196.3125,83475.8125,4000000,2,0,0,0,0
0,1,3,63,0,10,110,6.92307710647583,13000,3499,9,0,0,16,16,12,0,602522.125,83475.8125,4000000,2,0,0,0,0
0,1,3,63,0,10,110,6.92307710647583,13000,3499,9,0,0,16,16,12,0,603464.1875,83475.8203125,4000000,2,0,0,0,0
0,1,3,63,0,10,110,6.92307710647583,13000,3499,9,0,0,16,16,12,0,603325.5625,83475.828125,4000000,2,0,0,0,0
0,1,3,63,0,10,110,6.92307710647583,13000,3499,9,0,0,16,16,12,0,603122.375,83475.828125,4000000,2,0,0,0,0
0,1,3,63,0,10,110,6.92307710647583,13000,3499,9,0,0,16,16,12,0,602759.375,83475.8125,4000000,2,0,0,0,0
0,1,3,63,0,10,110,6.92307710647583,13000,3499,9,0,0,16,16,12,0,602265.3125,83475.8125,4000000,2,0,0,0,0
0,1,3,63,0,10,110,6.92307710647583,13000,3499,9,0,0,16,16,12,0,602088.3125,83475.8125,4000000,2,0,0,0,0
0,1,3,63,0,10,110,6.92307710647583,13000,3499,9,0,0,16,16,12,0,601956.6875,83475.8203125,4000000,2,0,0,0,0
0,1,3,63,0,10,110,6.92307710647583,13000,3499,9,0,0,16,16,12,0,601811,83475.8125,4000000,2,0,0,0,0
0,1,3,63,0,10,110,6.92307710647583,13000,3499,9,0,0,16,16,12,0,601719.5,0,4000000,2,0,0,0,0
0,1,3,63,0,10,110,6.92307710647583,13000,3499,9,0,0,16,16,12,0,600225.1875,0,4000000,2,0,0,0,0
0,1,3,63,0,10,110,6.92307710647583,13000,3499,9,0,0,16,16,12,0,592820.875,56719.453125,4000000,2,0,0,0,0
0,1,3,63,0,10,110,6.92307710647583,13000,3499,9,0,0,16,16,12,0,593503.6875,65060.625,4000000,2,0,0,0,0
0,1,3,63,0,10,110,6.92307710647583,13000,3499,9,0,0,16,16,12,0,584216.75,80777.984375,4000000,2,0,0,0,0
0,1,3,63,0,10,110,6.92307710647583,13000,3499,9,0,0,16,16,12,0,582215.5,82399.03125,4000000,2,0,0,0,0
0,1,3,63,0,10,110,6.92307710647583,13000,3499,9,0,0,16,16,12,0,580909.875,83222.9609375,4000000,2,0,0,0,0
0,1,3,63,0,10,110,6.92307710647583,13000,3499,9,0,0,16,16,12,0,599739.25,83475.8125,4000000,2,0,0,0,0
0,1,3,63,0,10,110,6.92307710647583,13000,3499,9,0,238,16,16,12,0,602699,83475.8125,4000000,2,0,0,0,0
0,1,3,63,0,10,110,6.92307710647583,13000,3499,9,0,232,16,16,12,0,601882.875,83475.8125,4000000,2,0,0,0,0
0,1,3,63,0,10,110,6.92307710647583,13000,3499,9,0,197,16,16,12,0,597285.5625,83475.8125,4000000,2,0,0,0,0
0,1,3,63,0,10,110,6.92307710647583,13000,3499,9,0,183,16,16,12,0,594221.5,0,4000000,2,0,0,0,0
0,1,3,63,0,10,110,6.92307710647583,13000,3499,9,0,177,16,16,12,0,565556.4375,0,4000000,2,0,0,0,0
0,1,3,63,0,10,110,6.92307710647583,13000,3499,9,0,171,16,16,12,0,580001.375,0,4000000,2,0,0,0,0
0,1,3,63,0,10,110,6.92307710647583,13000,3499,9,0,138,16,16,12,0,593376.0625,0,4000000,2,0,0,0,0
0,1,3,63,0,10,110,6.92307710647583,13000,3499,9,0,132,16,16,12,0,589955.9375,7841.125,4000000,2,0,0,0,0
0,1,3,63,0,10,110,6.92307710647583,13000,3499,9,0,126,16,16,12,0,594737.625,26278.1328125,4000000,2,0,0,0,0
0,1,3,63,0,10,110,6.92307710647583,13000,3499,9,0,111,16,16,12,0,600394.8125,50510.25,4000000,2,0,0,0,0
0,1,3,63,0,10,110,6.92307710647583,13000,3499,9,0,101,16,16,12,0,595100,52936.50390625,4000000,2,0,0,0,0
0,1,3,63,0,10,110,6.92307710647583,13000,3499,9,0,86,16,16,12,0,579473.875,55017.41796875,4000000,2,0,0,0,0
0,1,3,63,0,10,110,6.92307710647583,13000,3499,9,0,81,16,16,12,0,569675,55226.95703125,4000000,2,0,0,0,0
0,1,3,63,0,10,110,6.92307710647583,13000,3499,9,0,76,16,16,12,0,564767.125,54932.69140625,4000000,2,0,0,0,0
0,1,3,63,0,10,110,6.92307710647583,13000,3499,9,0,71,16,16,12,0,563124.5625,53492.79296875,4000000,2,0,0,0,0
0,1,3,63,0,10,110,6.92307710647583,13000,3499,9,0,66,16,16,12,0,569193.6875,50039.31640625,4000000,2,0,0,0,0
0,1,3,63,0,10,110,6.92307710647583,13000,3499,9,0,42,16,16,12,0,576527.875,2028.630615234375,4000000,2,0,0,0,0
0,1,3,63,0,10,110,6.92307710647583,13000,3499,9,0,38,16,16,12,0,563180.25,0,4000000,2,0,0,0,0
0,1,3,63,0,10,110,6.92307710647583,13000,3499,9,0,23,16,16,12,0,242442.390625,0,4000000,2,0,0,0,0
0,1,3,63,0,10,110,6.92307710647583,13000,3499,9,0,21,16,16,12,0,124461.7265625,0,4000000,2,0,0,0,0
0,1,3,63,0,10,110,6.92307710647583,13000,3499,9,0,19,16,16,12,0,96448.0546875,0,4000000,2,0,0,0,0
0,1,3,63,0,10,110,6.92307710647583,13000,3499,9,0,13,16,16,12,0,96338.7265625,0,4000000,2,0,0,0,0
