m_lastLapTimeInMS,m_currentLapTimeInMS,m_sector1TimeInMS,m_sector1TimeMinutes,m_sector2TimeInMS,m_sector2TimeMinutes,m_deltaToCarInFrontInMS,m_deltaToRaceLeaderInMS,m_lapDistance,m_totalDistance,m_safetyCarDelta,m_carPosition,m_currentLapNum,m_pitStatus,m_numPitStops,m_sector,m_currentLapInvalid,m_penalties,m_totalWarnings,m_cornerCuttingWarnings,m_numUnservedDriveThroughPens,m_numUnservedStopGoPens,m_gridPosition,m_driverStatus,m_resultStatus,m_pitLaneTimerActive,m_pitLaneTimeInLaneInMS,m_pitStopTimerInMS,m_pitStopShouldServePen
66606,11528,0,0,0,0,0,0,744.47265625,48302.82421875,0,1,12,0,0,0,0,0,0,0,0,0,1,1,2,0,0,0,0
66606,12028,0,0,0,0,0,0,781.16796875,48339.51953125,0,1,12,0,0,0,0,0,0,0,0,0,1,1,2,0,0,0,0
66606,12228,0,0,0,0,0,0,796.1640625,48354.515625,0,1,12,0,0,0,0,0,0,0,0,0,1,1,2,0,0,0,0
66606,12528,0,0,0,0,0,0,819.01953125,48377.37109375,0,1,12,0,0,0,0,0,0,0,0,0,1,1,2,0,0,0,0
66606,12728,0,0,0,0,0,0,834.484375,48392.8359375,0,1,12,0,0,0,0,0,0,0,0,0,1,1,2,0,0,0,0
66606,12928,0,0,0,0,0,0,850.14453125,48408.49609375,0,1,12,0,0,0,0,0,0,0,0,0,1,1,2,0,0,0,0
66606,13328,0,0,0,0,0,0,882.078125,48440.4296875,0,1,12,0,0,0,0,0,0,0,0,0,1,1,2,0,0,0,0
66606,13428,0,0,0,0,0,0,890.1640625,48448.515625,0,1,12,0,0,0,0,0,0,0,0,0,1,1,2,0,0,0,0
66606,13528,0,0,0,0,0,0,898.27734375,48456.62890625,0,1,12,0,0,0,0,0,0,0,0,0,1,1,2,0,0,0,0
66606,13728,0,0,0,0,0,0,914.61328125,48472.96484375,0,1,12,0,0,0,0,0,0,0,0,0,1,1,2,0,0,0,0
66606,13828,0,0,0,0,0,0,922.83984375,48481.19140625,0,1,12,0,0,0,0,0,0,0,0,0,1,1,2,0,0,0,0
66606,14328,0,0,0,0,0,0,964.44140625,48522.79296875,0,1,12,0,0,0,0,0,0,0,0,0,1,1,2,0,0,0,0
66606,14828,0,0,0,0,0,0,1006.65625,48565.0078125,0,1,12,0,0,0,0,0,0,0,0,0,1,1,2,0,0,0,0
66606,15328,0,0,0,0,0,0,1049.6875,48608.0390625,0,1,12,0,0,0,0,0,0,0,0,0,1,1,2,0,0,0,0
66606,15528,0,0,0,0,0,0,1067.2109375,48625.5625,0,1,12,0,0,0,0,0,0,0,0,0,1,1,2,0,0,0,0
66606,15928,0,0,0,0,0,0,1102.68359375,48661.03515625,0,1,12,0,0,0,0,0,0,0,0,0,1,1,2,0,0,0,0
66606,16428,0,0,0,0,0,0,1147.35546875,48705.70703125,0,1,12,0,0,0,0,0,0,0,0,0,1,1,2,0,0,0,0
66606,16528,0,0,0,0,0,0,1156.3046875,48714.65625,0,1,12,0,0,0,0,0,0,0,0,0,1,1,2,0,0,0,0
66606,17241,17074,0,0,0,0,0,1218.9140625,48777.265625,0,1,12,0,0,1,0,0,0,0,0,0,1,1,2,0,0,0,0
66606,17541,17074,0,0,0,0,0,1245.734375,48804.0859375,0,1,12,0,0,1,0,0,0,0,0,0,1,1,2,0,0,0,0
66606,17641,17074,0,0,0,0,0,1254.6875,48813.0390625,0,1,12,0,0,1,0,0,0,0,0,0,1,1,2,0,0,0,0
66606,17941,17074,0,0,0,0,0,1281.4375,48839.7890625,0,1,12,0,0,1,0,0,0,0,0,0,1,1,2,0,0,0,0
66606,18041,17074,0,0,0,0,0,1289.8125,48848.1640625,0,1,12,0,0,1,0,0,0,0,0,0,1,1,2,0,0,0,0
66606,18841,17074,0,0,0,0,0,1343.1015625,48901.453125,0,1,12,0,0,1,0,0,0,0,0,0,1,1,2,0,0,0,0
66606,18941,17074,0,0,0,0,0,1348.26953125,48906.62109375,0,1,12,0,0,1,0,0,0,0,0,0,1,1,2,0,0,0,0
66606,19041,17074,0,0,0,0,0,1353.16796875,48911.51953125,0,1,12,0,0,1,0,0,0,0,0,0,1,1,2,0,0,0,0
66606,19341,17074,0,0,0,0,0,1366.37890625,48924.73046875,0,1,12,0,0,1,0,0,0,0,0,0,1,1,2,0,0,0,0
66606,19541,17074,0,0,0,0,0,1373.97265625,48932.32421875,0,1,12,0,0,1,0,0,0,0,0,0,1,1,2,0,0,0,0
66606,20541,17074,0,0,0,0,0,1402.04296875,48960.39453125,0,1,12,0,0,1,0,0,0,0,0,0,1,1,2,0,0,0,0
66606,20841,17074,0,0,0,0,0,1411.81640625,48970.16796875,0,1,12,0,0,1,0,0,0,0,0,0,1,1,2,0,0,0,0
66606,21041,17074,0,0,0,0,0,1415.9765625,48974.328125,0,1,12,0,0,1,0,0,0,0,0,0,1,1,2,0,0,0,0
66606,22041,17074,0,0,0,0,0,1434.453125,48992.8046875,0,1,12,0,0,1,0,0,0,0,0,0,1,1,2,0,0,0,0
66606,22141,17074,0,0,0,0,0,1436.46875,48994.8203125,0,1,12,0,0,1,0,0,0,0,0,0,1,1,2,0,0,0,0
66606,22341,17074,0,0,0,0,0,1440.65625,48999.0078125,0,1,12,0,0,1,0,0,0,0,0,0,1,1,2,0,0,0,0
66606,22741,17074,0,0,0,0,0,1450.09765625,49008.44921875,0,1,12,0,0,1,0,0,0,0,0,0,1,1,2,0,0,0,0
66606,23224,17074,0,0,0,0,0,1463.99609375,49022.34765625,0,1,12,0,0,1,0,0,0,0,0,0,1,1,2,0,0,0,0
66606,23324,17074,0,0,0,0,0,1467.17578125,49025.52734375,0,1,12,0,0,1,0,0,0,0,0,0,1,1,2,0,0,0,0
66606,23524,17074,0,0,0,0,0,1473.8984375,49032.25,0,1,12,0,0,1,0,0,0,0,0,0,1,1,2,0,0,0,0
66606,24024,17074,0,0,0,0,0,1493.0859375,49051.4375,0,1,12,0,0,1,0,0,0,0,0,0,1,1,2,0,0,0,0
66606,25624,17074,0,0,0,0,0,1574.2734375,49132.625,0,1,12,0,0,1,0,0,0,0,0,0,1,1,2,0,0,0,0
66606,25724,17074,0,0,0,0,0,1580.21484375,49138.56640625,0,1,12,0,0,1,0,0,0,0,0,0,1,1,2,0,0,0,0
66606,25924,17074,0,0,0,0,0,1592.37109375,49150.72265625,0,1,12,0,0,1,0,0,0,0,0,0,1,1,2,0,0,0,0
66606,26124,17074,0,0,0,0,0,1604.87890625,49163.23046875,0,1,12,0,0,1,0,0,0,0,0,0,1,1,2,0,0,0,0
66606,26424,17074,0,0,0,0,0,1624.2578125,49182.609375,0,1,12,0,0,1,0,0,0,0,0,0,1,1,2,0,0,0,0
66606,26824,17074,0,0,0,0,0,1651.15625,49209.5078125,0,1,12,0,0,1,0,0,0,0,0,0,1,1,2,0,0,0,0
66606,27024,17074,0,0,0,0,0,1665.01171875,49223.36328125,0,1,12,0,0,1,0,0,0,0,0,0,1,1,2,0,0,0,0
66606,27224,17074,0,0,0,0,0,1679.17578125,49237.52734375,0,1,12,0,0,1,0,0,0,0,0,0,1,1,2,0,0,0,0
66606,27325,17074,0,0,0,0,0,1686.37109375,49244.72265625,0,1,12,0,0,1,0,0,0,0,0,0,1,1,2,0,0,0,0
66606,27525,17074,0,0,0,0,0,1700.90625,49259.2578125,0,1,12,0,0,1,0,0,0,0,0,0,1,1,2,0,0,0,0
66606,27725,17074,0,0,0,0,0,1715.6953125,49274.046875,0,1,12,0,0,1,0,0,0,0,0,0,1,1,2,0,0,0,0
66606,27825,17074,0,0,0,0,0,1723.1875,49281.5390625,0,1,12,0,0,1,0,0,0,0,0,0,1,1,2,0,0,0,0
66606,28125,17074,0,0,0,0,0,1745.98828125,49304.33984375,0,1,12,0,0,1,0,0,0,0,0,0,1,1,2,0,0,0,0
66606,28525,17074,0,0,0,0,0,1777.09375,49335.4453125,0,1,12,0,0,1,0,0,0,0,0,0,1,1,2,0,0,0,0
66606,28625,17074,0,0,0,0,0,1784.99609375,49343.34765625,0,1,12,0,0,1,0,0,0,0,0,0,1,1,2,0,0,0,0
66606,28726,17074,0,0,0,0,0,1792.953125,49351.3046875,0,1,12,0,0,1,0,0,0,0,0,0,1,1,2,0,0,0,0
66606,29026,17074,0,0,0,0,0,1817.10546875,49375.45703125,0,1,12,0,0,1,0,0,0,0,0,0,1,1,2,0,0,0,0
66606,29126,17074,0,0,0,0,0,1825.2421875,49383.59375,0,1,12,0,0,1,0,0,0,0,0,0,1,1,2,0,0,0,0
66606,29326,17074,0,0,0,0,0,1841.65234375,49400.00390625,0,1,12,0,0,1,0,0,0,0,0,0,1,1,2,0,0,0,0
66606,29626,17074,0,0,0,0,0,1866.5703125,49424.921875,0,1,12,0,0,1,0,0,0,0,0,0,1,1,2,0,0,0,0
66606,30327,17074,0,0,0,0,0,1925.9765625,49484.328125,0,1,12,0,0,1,0,0,0,0,0,0,1,1,2,0,0,0,0
66606,30728,17074,0,0,0,0,0,1960.74609375,49519.09765625,0,1,12,0,0,1,0,0,0,0,0,0,1,1,2,0,0,0,0
66606,30928,17074,0,0,0,0,0,1978.36328125,49536.71484375,0,1,12,0,0,1,0,0,0,0,0,0,1,1,2,0,0,0,0
66606,31228,17074,0,0,0,0,0,2005.02734375,49563.37890625,0,1,12,0,0,1,0,0,0,0,0,0,1,1,2,0,0,0,0
66606,31428,17074,0,0,0,0,0,2022.9375,49581.2890625,0,1,12,0,0,1,0,0,0,0,0,0,1,1,2,0,0,0,0
66606,31729,17074,0,0,0,0,0,2049.94140625,49608.29296875,0,1,12,0,0,1,0,0,0,0,0,0,1,1,2,0,0,0,0
66606,32229,17074,0,0,0,0,0,2095.328125,49653.6796875,0,1,12,0,0,1,0,0,0,0,0,0,1,1,2,0,0,0,0
66606,32729,17074,0,0,0,0,0,2135.5390625,49693.890625,0,1,12,0,0,1,0,0,0,0,0,0,1,1,2,0,0,0,0
66606,32830,17074,0,0,0,0,0,2142.44921875,49700.80078125,0,1,12,0,0,1,0,0,0,0,0,0,1,1,2,0,0,0,0
66606,32930,17074,0,0,0,0,0,2149.0078125,49707.359375,0,1,12,0,0,1,0,0,0,0,0,0,1,1,2,0,0,0,0
66606,33030,17074,0,0,0,0,0,2155.21875,49713.5703125,0,1,12,0,0,1,0,0,0,0,0,0,1,1,2,0,0,0,0
66606,33430,17074,0,0,0,0,0,2176.73828125,49735.08984375,0,1,12,0,0,1,0,0,0,0,0,0,1,1,2,0,0,0,0
66606,33530,17074,0,0,0,0,0,2181.3828125,49739.734375,0,1,12,0,0,1,0,0,0,0,0,0,1,1,2,0,0,0,0
66606,33630,17074,0,0,0,0,0,2185.68359375,49744.03515625,0,1,12,0,0,1,0,0,0,0,0,0,1,1,2,0,0,0,0
66606,33731,17074,0,0,0,0,0,2189.77734375,49748.12890625,0,1,12,0,0,1,0,0,0,0,0,0,1,1,2,0,0,0,0
66606,34131,17074,0,0,0,0,0,2205.27734375,49763.62890625,0,1,12,0,0,1,0,0,0,0,0,0,1,1,2,0,0,0,0
66606,34431,17074,0,0,0,0,0,2216.92578125,49775.27734375,0,1,12,0,0,1,0,0,0,0,0,0,1,1,2,0,0,0,0
66606,34531,17074,0,0,0,0,0,2220.97265625,49779.32421875,0,1,12,0,0,1,0,0,0,0,0,0,1,1,2,0,0,0,0
66606,34631,17074,0,0,0,0,0,2224.87109375,49783.22265625,0,1,12,0,0,1,0,0,0,0,0,0,1,1,2,0,0,0,0
66606,35132,17074,0,0,0,0,0,2242.390625,49800.7421875,0,1,12,0,0,1,0,0,0,0,0,0,1,1,2,0,0,0,0
66606,35432,17074,0,0,0,0,0,2251.48828125,49809.83984375,0,1,12,0,0,1,0,0,0,0,0,0,1,1,2,0,0,0,0
66606,35532,17074,0,0,0,0,0,2254.39453125,49812.74609375,0,1,12,0,0,1,0,0,0,0,0,0,1,1,2,0,0,0,0
66606,35732,17074,0,0,0,0,0,2260.390625,49818.7421875,0,1,12,0,0,1,0,0,0,0,0,0,1,1,2,0,0,0,0
66606,36133,17074,0,0,0,0,0,2273.703125,49832.0546875,0,1,12,0,0,1,0,0,0,0,0,0,1,1,2,0,0,0,0
66606,36333,17074,0,0,0,0,0,2281.078125,49839.4296875,0,1,12,0,0,1,0,0,0,0,0,0,1,1,2,0,0,0,0
66606,36433,17074,0,0,0,0,0,2284.96484375,49843.31640625,0,1,12,0,0,1,0,0,0,0,0,0,1,1,2,0,0,0,0
66606,36633,17074,0,0,0,0,0,2292.98046875,49851.33203125,0,1,12,0,0,1,0,0,0,0,0,0,1,1,2,0,0,0,0
66606,36733,17074,0,0,0,0,0,2297.09375,49855.4453125,0,1,12,0,0,1,0,0,0,0,0,0,1,1,2,0,0,0,0
66606,36833,17074,0,0,0,0,0,2301.3359375,49859.6875,0,1,12,0,0,1,0,0,0,0,0,0,1,1,2,0,0,0,0
66606,37534,17074,0,0,0,0,0,2334.09765625,49892.44921875,0,1,12,0,0,1,0,0,0,0,0,0,1,1,2,0,0,0,0
66606,37734,17074,0,0,0,0,0,2344.46484375,49902.81640625,0,1,12,0,0,1,0,0,0,0,0,0,1,1,2,0,0,0,0
66606,37835,17074,0,0,0,0,0,2349.8046875,49908.15625,0,1,12,0,0,1,0,0,0,0,0,0,1,1,2,0,0,0,0
66606,38035,17074,0,0,0,0,0,2360.765625,49919.1171875,0,1,12,0,0,1,0,0,0,0,0,0,1,1,2,0,0,0,0
66606,38335,17074,0,0,0,0,0,2377.97265625,49936.32421875,0,1,12,0,0,1,0,0,0,0,0,0,1,1,2,0,0,0,0
66606,38735,17074,0,0,0,0,0,2402.2578125,49960.609375,0,1,12,0,0,1,0,0,0,0,0,0,1,1,2,0,0,0,0
66606,38836,17074,0,0,0,0,0,2408.50390625,49966.85546875,0,1,12,0,0,1,0,0,0,0,0,0,1,1,2,0,0,0,0
66606,39036,17074,0,0,0,0,0,2421.23046875,49979.58203125,0,1,12,0,0,1,0,0,0,0,0,0,1,1,2,0,0,0,0
66606,39319,17074,0,0,0,0,0,2439.8125,49998.1640625,0,1,12,0,0,1,0,0,0,0,0,0,1,1,2,0,0,0,0
66606,39419,17074,0,0,0,0,0,2446.44921875,50004.80078125,0,1,12,0,0,1,0,0,0,0,0,0,1,1,2,0,0,0,0
66606,39519,17074,0,0,0,0,0,2453.16015625,50011.51171875,0,1,12,0,0,1,0,0,0,0,0,0,1,1,2,0,0,0,0
66606,39820,17074,0,0,0,0,0,2473.7109375,50032.0625,0,1,12,0,0,1,0,0,0,0,0,0,1,1,2,0,0,0,0
66606,40120,17074,0,0,0,0,0,2494.703125,50053.0546875,0,1,12,0,0,1,0,0,0,0,0,0,1,1,2,0,0,0,0
66606,40320,17074,0,0,0,0,0,2508.890625,50067.2421875,0,1,12,0,0,1,0,0,0,0,0,0,1,1,2,0,0,0,0
66606,41521,17074,0,0,0,0,0,2597.53125,50155.8828125,0,1,12,0,0,1,0,0,0,0,0,0,1,1,2,0,0,0,0
66606,41622,17074,0,0,0,0,0,2605.19921875,50163.55078125,0,1,12,0,0,1,0,0,0,0,0,0,1,1,2,0,0,0,0
66606,41922,17074,0,0,0,0,0,2628.36328125,50186.71484375,0,1,12,0,0,1,1,0,0,0,0,0,1,1,2,0,0,0,0
66606,42022,17074,0,0,0,0,0,2636.1484375,50194.5,0,1,12,0,0,1,1,0,0,0,0,0,1,1,2,0,0,0,0
66606,42122,17074,0,0,0,0,0,2643.95703125,50202.30859375,0,1,12,0,0,1,1,0,0,0,0,0,1,1,2,0,0,0,0
66606,42522,17074,0,0,0,0,0,2672.67578125,50231.02734375,0,1,12,0,0,1,1,0,0,0,0,0,1,1,2,0,0,0,0
66606,42823,17074,0,0,0,0,0,2691.53125,50249.8828125,0,1,12,0,0,1,1,0,0,0,0,0,1,1,2,0,0,0,0
66606,43023,17074,0,0,0,0,0,2702.4765625,50260.828125,0,1,12,0,0,1,1,0,0,0,0,0,1,1,2,0,0,0,0
66606,43423,17074,0,0,0,0,0,2723.28125,50281.6328125,0,1,12,0,0,1,1,0,0,0,0,0,1,1,2,0,0,0,0
66606,43623,17074,0,0,0,0,0,2733.12890625,50291.48046875,0,1,12,0,0,1,1,0,0,0,0,0,1,1,2,0,0,0,0
66606,44124,17074,0,0,0,0,0,2756.94140625,50315.29296875,0,1,12,0,0,1,1,0,0,0,0,0,1,1,2,0,0,0,0
66606,44524,17074,0,0,0,0,0,2776.27734375,50334.62890625,0,1,12,0,0,1,1,0,0,0,0,0,1,1,2,0,0,0,0
66606,44925,17074,0,0,0,0,0,2796.25,50354.6015625,0,1,12,0,0,1,1,0,0,0,0,0,1,1,2,0,0,0,0
66606,45025,17074,0,0,0,0,0,2801.43359375,50359.78515625,0,1,12,0,0,1,1,0,0,0,0,0,1,1,2,0,0,0,0
66606,45125,17074,0,0,0,0,0,2806.703125,50365.0546875,0,1,12,0,0,1,1,0,0,0,0,0,1,1,2,0,0,0,0
66606,45225,17074,0,0,0,0,0,2811.96875,50370.3203125,0,1,12,0,0,1,1,0,0,0,0,0,1,1,2,0,0,0,0
66606,45325,17074,0,0,0,0,0,2817.265625,50375.6171875,0,1,12,0,0,1,1,0,0,0,0,0,1,1,2,0,0,0,0
66606,45525,17074,0,0,0,0,0,2828.1640625,50386.515625,0,1,12,0,0,1,1,0,0,0,0,0,1,1,2,0,0,0,0
66606,45625,17074,0,0,0,0,0,2833.83203125,50392.18359375,0,1,12,0,0,1,1,0,0,0,0,0,1,1,2,0,0,0,0
66606,45725,17074,0,0,0,0,0,2839.546875,50397.8984375,0,1,12,0,0,1,1,0,0,0,0,0,1,1,2,0,0,0,0
66606,46026,17074,0,0,0,0,0,2857.01953125,50415.37109375,0,1,12,0,0,1,1,0,0,0,0,0,1,1,2,0,0,0,0
66606,46126,17074,0,0,0,0,0,2862.97265625,50421.32421875,0,1,12,0,0,1,1,0,0,0,0,0,1,1,2,0,0,0,0
66606,46226,17074,0,0,0,0,0,2869.08203125,50427.43359375,0,1,12,0,0,1,1,0,0,0,0,0,1,1,2,0,0,0,0
66606,46426,17074,0,0,0,0,0,2881.609375,50439.9609375,0,1,12,0,0,1,1,0,0,0,0,0,1,1,2,0,0,0,0
66606,46827,17074,0,0,0,0,0,2907.32421875,50465.67578125,0,1,12,0,0,1,1,0,0,0,0,0,1,1,2,0,0,0,0
66606,46927,17074,0,0,0,0,0,2913.859375,50472.2109375,0,1,12,0,0,1,1,0,0,0,0,0,1,1,2,0,0,0,0
66606,47714,17074,0,30173,0,0,0,2966.9296875,50525.28125,0,1,12,0,0,2,1,0,0,0,0,0,1,1,2,0,0,0,0
66606,48615,17074,0,30173,0,0,0,3023.06640625,50581.41796875,0,1,12,0,0,2,1,0,0,0,0,0,1,1,2,0,0,0,0
66606,48715,17074,0,30173,0,0,0,3029.1875,50587.5390625,0,1,12,0,0,2,1,0,0,0,0,0,1,1,2,0,0,0,0
66606,49015,17074,0,30173,0,0,0,3047.44140625,50605.79296875,0,1,12,0,0,2,1,0,0,0,0,0,1,1,2,0,0,0,0
66606,49115,17074,0,30173,0,0,0,3053.5703125,50611.921875,0,1,12,0,0,2,1,0,0,0,0,0,1,1,2,0,0,0,0
66606,49616,17074,0,30173,0,0,0,3084.40234375,50642.75390625,0,1,12,0,0,2,1,0,0,0,0,0,1,1,2,0,0,0,0
66606,50116,17074,0,30173,0,0,0,3113.578125,50671.9296875,0,1,12,0,0,2,1,0,0,0,0,0,1,1,2,0,0,0,0
66606,50617,17074,0,30173,0,0,0,3141.5859375,50699.9375,0,1,12,0,0,2,1,0,0,0,0,0,1,1,2,0,0,0,0
66606,50717,17074,0,30173,0,0,0,3147.24609375,50705.59765625,0,1,12,0,0,2,1,0,0,0,0,0,1,1,2,0,0,0,0
66606,51117,17074,0,30173,0,0,0,3172.3125,50730.6640625,0,1,12,0,0,2,1,0,0,0,0,0,1,1,2,0,0,0,0
66606,52018,17074,0,30173,0,0,0,3232.6484375,50791,0,1,12,0,0,2,1,0,0,0,0,0,1,1,2,0,0,0,0
66606,52419,17074,0,30173,0,0,0,3260.7890625,50819.140625,0,1,12,0,0,2,1,0,0,0,0,0,1,1,2,0,0,0,0
66606,52519,17074,0,30173,0,0,0,3267.92578125,50826.27734375,0,1,12,0,0,2,1,0,0,0,0,0,1,1,2,0,0,0,0
66606,52919,17074,0,30173,0,0,0,3296.80859375,50855.16015625,0,1,12,0,0,2,1,0,0,0,0,0,1,1,2,0,0,0,0
66606,53019,17074,0,30173,0,0,0,3304.06640625,50862.41796875,0,1,12,0,0,2,1,0,0,0,0,0,1,1,2,0,0,0,0
66606,54320,17074,0,30173,0,0,0,3401.75,50960.1015625,0,1,12,0,0,2,1,0,0,0,0,0,1,1,2,0,0,0,0
66606,54721,17074,0,30173,0,0,0,3433.2578125,50991.609375,0,1,12,0,0,2,1,0,0,0,0,0,1,1,2,0,0,0,0
66606,55522,17074,0,30173,0,0,0,3497.8359375,51056.1875,0,1,12,0,0,2,1,0,0,0,0,0,1,1,2,0,0,0,0
66606,55805,17074,0,30173,0,0,0,3521.13671875,51079.48828125,0,1,12,0,0,2,1,0,0,0,0,0,1,1,2,0,0,0,0
66606,55922,17074,0,30173,0,0,0,3530.75,51089.1015625,0,1,12,0,0,2,1,0,0,0,0,0,1,1,2,0,0,0,0
66606,56022,17074,0,30173,0,0,0,3539.02734375,51097.37890625,0,1,12,0,0,2,1,0,0,0,0,0,1,1,2,0,0,0,0
66606,56206,17074,0,30173,0,0,0,3554.26171875,51112.61328125,0,1,12,0,0,2,1,0,0,0,0,0,1,1,2,0,0,0,0
66606,56306,17074,0,30173,0,0,0,3562.60546875,51120.95703125,0,1,12,0,0,2,1,0,0,0,0,0,1,1,2,0,0,0,0
66606,56406,17074,0,30173,0,0,0,3570.9765625,51129.328125,0,1,12,0,0,2,1,0,0,0,0,0,1,1,2,0,0,0,0
66606,56506,17074,0,30173,0,0,0,3579.37109375,51137.72265625,0,1,12,0,0,2,1,0,0,0,0,0,1,1,2,0,0,0,0
66606,56906,17074,0,30173,0,0,0,3613.19921875,51171.55078125,0,1,12,0,0,2,1,0,0,0,0,0,1,1,2,0,0,0,0
66606,57507,17074,0,30173,0,0,0,3664.62109375,51222.97265625,0,1,12,0,0,2,1,0,0,0,0,0,1,1,2,0,0,0,0
66606,57807,17074,0,30173,0,0,0,3690.640625,51248.9921875,0,1,12,0,0,2,1,0,0,0,0,0,1,1,2,0,0,0,0
66606,57907,17074,0,30173,0,0,0,3699.33984375,51257.69140625,0,1,12,0,0,2,1,0,0,0,0,0,1,1,2,0,0,0,0
66606,58208,17074,0,30173,0,0,0,3725.25390625,51283.60546875,0,1,12,0,0,2,1,0,0,0,0,0,1,1,2,0,0,0,0
66606,58608,17074,0,30173,0,0,0,3754.98828125,51313.33984375,0,1,12,0,0,2,1,0,0,0,0,0,1,1,2,0,0,0,0
66606,58908,17074,0,30173,0,0,0,3775.8984375,51334.25,0,1,12,0,0,2,1,0,0,0,0,0,1,1,2,0,0,0,0
66606,59008,17074,0,30173,0,0,0,3782.921875,51341.2734375,0,1,12,0,0,2,1,0,0,0,0,0,1,1,2,0,0,0,0
66606,59108,17074,0,30173,0,0,0,3789.94140625,51348.29296875,0,1,12,0,0,2,1,0,0,0,0,0,1,1,2,0,0,0,0
66606,59208,17074,0,30173,0,0,0,3796.96875,51355.3203125,0,1,12,0,0,2,1,0,0,0,0,0,1,1,2,0,0,0,0
66606,59709,17074,0,30173,0,0,0,3830.81640625,51389.16796875,0,1,12,0,0,2,1,0,0,0,0,0,1,1,2,0,0,0,0
66606,59809,17074,0,30173,0,0,0,3837.359375,51395.7109375,0,1,12,0,0,2,1,0,0,0,0,0,1,1,2,0,0,0,0
66606,59909,17074,0,30173,0,0,0,3843.73046875,51402.08203125,0,1,12,0,0,2,1,0,0,0,0,0,1,1,2,0,0,0,0
66606,60109,17074,0,30173,0,0,0,3856.484375,51414.8359375,0,1,12,0,0,2,1,0,0,0,0,0,1,1,2,0,0,0,0
66606,60710,17074,0,30173,0,0,0,3896.56640625,51454.91796875,0,1,12,0,0,2,1,0,0,0,0,0,1,1,2,0,0,0,0
66606,60810,17074,0,30173,0,0,0,3903.5,51461.8515625,0,1,12,0,0,2,1,0,0,0,0,0,1,1,2,0,0,0,0
66606,61010,17074,0,30173,0,0,0,3917.5859375,51475.9375,0,1,12,0,0,2,1,0,0,0,0,0,1,1,2,0,0,0,0
66606,61511,17074,0,30173,0,0,0,3953.37109375,51511.72265625,0,1,12,0,0,2,1,0,0,0,0,0,1,1,2,0,0,0,0
66606,61711,17074,0,30173,0,0,0,3966.16015625,51524.51171875,0,1,12,0,0,2,1,0,0,0,0,0,1,1,2,0,0,0,0
66606,62012,17074,0,30173,0,0,0,3982.8984375,51541.25,0,1,12,0,0,2,1,0,0,0,0,0,1,1,2,0,0,0,0
66606,62212,17074,0,30173,0,0,0,3993.46875,51551.8203125,0,1,12,0,0,2,1,0,0,0,0,0,1,1,2,0,0,0,0
66606,62512,17074,0,30173,0,0,0,4012.96484375,51571.31640625,0,1,12,0,0,2,1,0,0,0,0,0,1,1,2,0,0,0,0
66606,62612,17074,0,30173,0,0,0,4019.375,51577.7265625,0,1,12,0,0,2,1,0,0,0,0,0,1,1,2,0,0,0,0
66606,63012,17074,0,30173,0,0,0,4040.88671875,51599.23828125,0,1,12,0,0,2,1,0,0,0,0,0,1,1,2,0,0,0,0
66606,63213,17074,0,30173,0,0,0,4051.65625,51610.0078125,0,1,12,0,0,2,1,0,0,0,0,0,1,1,2,0,0,0,0
66606,63413,17074,0,30173,0,0,0,4062.66796875,51621.01953125,0,1,12,0,0,2,1,0,0,0,0,0,1,1,2,0,0,0,0
66606,63513,17074,0,30173,0,0,0,4068.25,51626.6015625,0,1,12,0,0,2,1,0,0,0,0,0,1,1,2,0,0,0,0
66606,63613,17074,0,30173,0,0,0,4073.87890625,51632.23046875,0,1,12,0,0,2,1,0,0,0,0,0,1,1,2,0,0,0,0
66606,64013,17074,0,30173,0,0,0,4096.78125,51655.1328125,0,1,12,0,0,2,1,0,0,0,0,0,1,1,2,0,0,0,0
66606,64213,17074,0,30173,0,0,0,4108.71875,51667.0703125,0,1,12,0,0,2,1,0,0,0,0,0,1,1,2,0,0,0,0
66606,64614,17074,0,30173,0,0,0,4133.6796875,51692.03125,0,1,12,0,0,2,1,0,0,0,0,0,1,1,2,0,0,0,0
66606,64714,17074,0,30173,0,0,0,4140.15625,51698.5078125,0,1,12,0,0,2,1,0,0,0,0,0,1,1,2,0,0,0,0
66606,65114,17074,0,30173,0,0,0,4166.84375,51725.1953125,0,1,12,0,0,2,1,0,0,0,0,0,1,1,2,0,0,0,0
66606,65215,17074,0,30173,0,0,0,4173.72265625,51732.07421875,0,1,12,0,0,2,1,0,0,0,0,0,1,1,2,0,0,0,0
66606,65315,17074,0,30173,0,0,0,4180.68359375,51739.03515625,0,1,12,0,0,2,1,0,0,0,0,0,1,1,2,0,0,0,0
66606,65415,17074,0,30173,0,0,0,4187.68359375,51746.03515625,0,1,12,0,0,2,1,0,0,0,0,0,1,1,2,0,0,0,0
66606,65715,17074,0,30173,0,0,0,4209.09765625,51767.44921875,0,1,12,0,0,2,1,0,0,0,0,0,1,1,2,0,0,0,0
66606,66116,17074,0,30173,0,0,0,4238.48828125,51796.83984375,0,1,12,0,0,2,1,0,0,0,0,0,1,1,2,0,0,0,0
66606,66316,17074,0,30173,0,0,0,4253.546875,51811.8984375,0,1,12,0,0,2,1,0,0,0,0,0,1,1,2,0,0,0,0
66606,66516,17074,0,30173,0,0,0,4268.796875,51827.1484375,0,1,12,0,0,2,1,0,0,0,0,0,1,1,2,0,0,0,0
66606,66716,17074,0,30173,0,0,0,4284.26171875,51842.61328125,0,1,12,0,0,2,1,0,0,0,0,0,1,1,2,0,0,0,0
66606,67017,17074,0,30173,0,0,0,4307.85546875,51866.20703125,0,1,12,0,0,2,1,0,0,0,0,0,1,1,2,0,0,0,0
67227,400,0,0,0,0,0,0,32.7890625,51914.625,0,1,13,0,0,0,1,0,0,0,0,0,1,1,2,0,0,0,0
67227,700,0,0,0,0,0,0,57.5703125,51939.40625,0,1,13,0,0,0,1,0,0,0,0,0,1,1,2,0,0,0,0
67227,1301,0,0,0,0,0,0,108.02734375,51989.86328125,0,1,13,0,0,0,1,0,0,0,0,0,1,1,2,0,0,0,0
67227,1401,0,0,0,0,0,0,116.5390625,51998.375,0,1,13,0,0,0,1,0,0,0,0,0,1,1,2,0,0,0,0
67227,1501,0,0,0,0,0,0,125.078125,52006.9140625,0,1,13,0,0,0,1,0,0,0,0,0,1,1,2,0,0,0,0
67227,1601,0,0,0,0,0,0,133.66015625,52015.49609375,0,1,13,0,0,0,1,0,0,0,0,0,1,1,2,0,0,0,0
67227,1701,0,0,0,0,0,0,142.26953125,52024.10546875,0,1,13,0,0,0,1,0,0,0,0,0,1,1,2,0,0,0,0
67227,1801,0,0,0,0,0,0,150.91015625,52032.74609375,0,1,13,0,0,0,1,0,0,0,0,0,1,1,2,0,0,0,0
67227,1902,0,0,0,0,0,0,159.60546875,52041.44140625,0,1,13,0,0,0,1,0,0,0,0,0,1,1,2,0,0,0,0
67227,2502,0,0,0,0,0,0,212.2421875,52094.078125,0,1,13,0,0,0,1,0,0,0,0,0,1,1,2,0,0,0,0
67227,2702,0,0,0,0,0,0,229.984375,52111.8203125,0,1,13,0,0,0,1,0,0,0,0,0,1,1,2,0,0,0,0
67227,2902,0,0,0,0,0,0,247.83203125,52129.66796875,0,1,13,0,0,0,1,0,0,0,0,0,1,1,2,0,0,0,0
67227,3002,0,0,0,0,0,0,256.7890625,52138.625,0,1,13,0,0,0,1,0,0,0,0,0,1,1,2,0,0,0,0
67227,3102,0,0,0,0,0,0,265.7578125,52147.59375,0,1,13,0,0,0,1,0,0,0,0,0,1,1,2,0,0,0,0
67227,3903,0,0,0,0,0,0,338.16015625,52219.99609375,0,1,13,0,0,0,1,0,0,0,0,0,1,1,2,0,0,0,0
67227,4104,0,0,0,0,0,0,356.1484375,52237.984375,0,1,13,0,0,0,1,0,0,0,0,0,1,1,2,0,0,0,0
67227,4404,0,0,0,0,0,0,380.296875,52262.1328125,0,1,13,0,0,0,1,0,0,0,0,0,1,1,2,0,0,0,0
67227,4504,0,0,0,0,0,0,387.53125,52269.3671875,0,1,13,0,0,0,1,0,0,0,0,0,1,1,2,0,0,0,0
67227,4604,0,0,0,0,0,0,394.390625,52276.2265625,0,1,13,0,0,0,1,0,0,0,0,0,1,1,2,0,0,0,0
67227,4704,0,0,0,0,0,0,400.88671875,52282.72265625,0,1,13,0,0,0,1,0,0,0,0,0,1,1,2,0,0,0,0
67227,4804,0,0,0,0,0,0,407.03125,52288.8671875,0,1,13,0,0,0,1,0,0,0,0,0,1,1,2,0,0,0,0
67227,4904,0,0,0,0,0,0,412.82421875,52294.66015625,0,1,13,0,0,0,1,0,0,0,0,0,1,1,2,0,0,0,0
67227,5105,0,0,0,0,0,0,423.5078125,52305.34375,0,1,13,0,0,0,1,0,0,0,0,0,1,1,2,0,0,0,0
67227,5305,0,0,0,0,0,0,432.96484375,52314.80078125,0,1,13,0,0,0,1,0,0,0,0,0,1,1,2,0,0,0,0
67227,5588,0,0,0,0,0,0,444.6875,52326.5234375,0,1,13,0,0,0,1,0,0,0,0,0,1,1,2,0,0,0,0
67227,5788,0,0,0,0,0,0,453.09375,52334.9296875,0,1,13,0,0,0,1,0,0,0,0,0,1,1,2,0,0,0,0
67227,5889,0,0,0,0,0,0,458.28515625,52340.12109375,0,1,13,0,0,0,1,0,0,0,0,0,1,1,2,0,0,0,0
67227,6789,0,0,0,0,0,0,496.46875,52378.3046875,0,1,13,0,0,0,1,0,0,0,0,0,1,1,2,0,0,0,0
67227,6889,0,0,0,0,0,0,500.48828125,52382.32421875,0,1,13,0,0,0,1,0,0,0,0,0,1,1,2,0,0,0,0
67227,6990,0,0,0,0,0,0,504.640625,52386.4765625,0,1,13,0,0,0,1,0,0,0,0,0,1,1,2,0,0,0,0
67227,7090,0,0,0,0,0,0,508.93359375,52390.76953125,0,1,13,0,0,0,1,0,0,0,0,0,1,1,2,0,0,0,0
67227,7190,0,0,0,0,0,0,513.36328125,52395.19921875,0,1,13,0,0,0,1,0,0,0,0,0,1,1,2,0,0,0,0
67227,7490,0,0,0,0,0,0,527.29296875,52409.12890625,0,1,13,0,0,0,1,0,0,0,0,0,1,1,2,0,0,0,0
67227,7590,0,0,0,0,0,0,532.1171875,52413.953125,0,1,13,0,0,0,1,0,0,0,0,0,1,1,2,0,0,0,0
67227,7690,0,0,0,0,0,0,537.05859375,52418.89453125,0,1,13,0,0,0,1,0,0,0,0,0,1,1,2,0,0,0,0
67227,7790,0,0,0,0,0,0,542.0703125,52423.90625,0,1,13,0,0,0,1,0,0,0,0,0,1,1,2,0,0,0,0
67227,7890,0,0,0,0,0,0,547.1796875,52429.015625,0,1,13,0,0,0,1,0,0,0,0,0,1,1,2,0,0,0,0
67227,8091,0,0,0,0,0,0,557.7265625,52439.5625,0,1,13,0,0,0,1,0,0,0,0,0,1,1,2,0,0,0,0
67227,8191,0,0,0,0,0,0,563.16015625,52444.99609375,0,1,13,0,0,0,1,0,0,0,0,0,1,1,2,0,0,0,0
67227,8391,0,0,0,0,0,0,574.30078125,52456.13671875,0,1,13,0,0,0,1,0,0,0,0,0,1,1,2,0,0,0,0
67227,8491,0,0,0,0,0,0,580.00390625,52461.83984375,0,1,13,0,0,0,1,0,0,0,0,0,1,1,2,0,0,0,0
67227,9192,0,0,0,0,0,0,622.5234375,52504.359375,0,1,13,0,0,0,1,0,0,0,0,0,1,1,2,0,0,0,0
67227,9292,0,0,0,0,0,0,628.94921875,52510.78515625,0,1,13,0,0,0,1,0,0,0,0,0,1,1,2,0,0,0,0
67227,9792,0,0,0,0,0,0,662.2109375,52544.046875,0,1,13,0,0,0,1,0,0,0,0,0,1,1,2,0,0,0,0
67227,9892,0,0,0,0,0,0,669.0859375,52550.921875,0,1,13,0,0,0,1,0,0,0,0,0,1,1,2,0,0,0,0
67227,10493,0,0,0,0,0,0,711.8203125,52593.65625,0,1,13,0,0,0,1,0,0,0,0,0,1,1,2,0,0,0,0
67227,10793,0,0,0,0,0,0,734.08984375,52615.92578125,0,1,13,0,0,0,1,0,0,0,0,0,1,1,2,0,0,0,0
67227,10893,0,0,0,0,0,0,741.625,52623.4609375,0,1,13,0,0,0,1,0,0,0,0,0,1,1,2,0,0,0,0
67227,11094,0,0,0,0,0,0,756.84765625,52638.68359375,0,1,13,0,0,0,1,0,0,0,0,0,1,1,2,0,0,0,0
67227,11294,0,0,0,0,0,0,772.265625,52654.1015625,0,1,13,0,0,0,1,0,0,0,0,0,1,1,2,0,0,0,0
67227,11794,0,0,0,0,0,0,811.6796875,52693.515625,0,1,13,0,0,0,1,0,0,0,0,0,1,1,2,0,0,0,0
67227,11995,0,0,0,0,0,0,827.765625,52709.6015625,0,1,13,0,0,0,1,0,0,0,0,0,1,1,2,0,0,0,0
67227,12095,0,0,0,0,0,0,835.86328125,52717.69921875,0,1,13,0,0,0,1,0,0,0,0,0,1,1,2,0,0,0,0
67227,12195,0,0,0,0,0,0,844.00390625,52725.83984375,0,1,13,0,0,0,1,0,0,0,0,0,1,1,2,0,0,0,0
67227,12395,0,0,0,0,0,0,860.41796875,52742.25390625,0,1,13,0,0,0,1,0,0,0,0,0,1,1,2,0,0,0,0
67227,12695,0,0,0,0,0,0,885.328125,52767.1640625,0,1,13,0,0,0,1,0,0,0,0,0,1,1,2,0,0,0,0
67227,12796,0,0,0,0,0,0,893.6953125,52775.53125,0,1,13,0,0,0,1,0,0,0,0,0,1,1,2,0,0,0,0
67227,12996,0,0,0,0,0,0,910.44921875,52792.28515625,0,1,13,0,0,0,1,0,0,0,0,0,1,1,2,0,0,0,0
67227,13196,0,0,0,0,0,0,927.296875,52809.1328125,0,1,13,0,0,0,1,0,0,0,0,0,1,1,2,0,0,0,0
67227,13296,0,0,0,0,0,0,935.76171875,52817.59765625,0,1,13,0,0,0,1,0,0,0,0,0,1,1,2,0,0,0,0
67227,13496,0,0,0,0,0,0,952.796875,52834.6328125,0,1,13,0,0,0,1,0,0,0,0,0,1,1,2,0,0,0,0
67227,13596,0,0,0,0,0,0,961.359375,52843.1953125,0,1,13,0,0,0,1,0,0,0,0,0,1,1,2,0,0,0,0
67227,13896,0,0,0,0,0,0,987.1953125,52869.03125,0,1,13,0,0,0,1,0,0,0,0,0,1,1,2,0,0,0,0
67227,13996,0,0,0,0,0,0,995.8671875,52877.703125,0,1,13,0,0,0,1,0,0,0,0,0,1,1,2,0,0,0,0
67227,14097,0,0,0,0,0,0,1004.55859375,52886.39453125,0,1,13,0,0,0,1,0,0,0,0,0,1,1,2,0,0,0,0
67227,14197,0,0,0,0,0,0,1013.30859375,52895.14453125,0,1,13,0,0,0,1,0,0,0,0,0,1,1,2,0,0,0,0
67227,14597,0,0,0,0,0,0,1048.6328125,52930.46875,0,1,13,0,0,0,1,0,0,0,0,0,1,1,2,0,0,0,0
67227,14797,0,0,0,0,0,0,1066.484375,52948.3203125,0,1,13,0,0,0,1,0,0,0,0,0,1,1,2,0,0,0,0
67227,14898,0,0,0,0,0,0,1075.4921875,52957.328125,0,1,13,0,0,0,1,0,0,0,0,0,1,1,2,0,0,0,0
67227,15198,0,0,0,0,0,0,1102.55078125,52984.38671875,0,1,13,0,0,0,1,0,0,0,0,0,1,1,2,0,0,0,0
67227,15298,0,0,0,0,0,0,1111.62109375,52993.45703125,0,1,13,0,0,0,1,0,0,0,0,0,1,1,2,0,0,0,0
67227,15398,0,0,0,0,0,0,1120.68359375,53002.51953125,0,1,13,0,0,0,1,0,0,0,0,0,1,1,2,0,0,0,0
67227,15598,0,0,0,0,0,0,1138.8984375,53020.734375,0,1,13,0,0,0,1,0,0,0,0,0,1,1,2,0,0,0,0
67227,15798,0,0,0,0,0,0,1157.1328125,53038.96875,0,1,13,0,0,0,1,0,0,0,0,0,1,1,2,0,0,0,0
67227,15898,0,0,0,0,0,0,1166.2265625,53048.0625,0,1,13,0,0,0,1,0,0,0,0,0,1,1,2,0,0,0,0
67227,15998,0,0,0,0,0,0,1175.3359375,53057.171875,0,1,13,0,0,0,1,0,0,0,0,0,1,1,2,0,0,0,0
67227,16098,0,0,0,0,0,0,1184.4375,53066.2734375,0,1,13,0,0,0,1,0,0,0,0,0,1,1,2,0,0,0,0
67227,16199,0,0,0,0,0,0,1193.53125,53075.3671875,0,1,13,0,0,0,1,0,0,0,0,0,1,1,2,0,0,0,0
67227,16299,0,0,0,0,0,0,1202.609375,53084.4453125,0,1,13,0,0,0,1,0,0,0,0,0,1,1,2,0,0,0,0
67227,16401,16318,0,0,0,0,0,1211.69140625,53093.52734375,0,1,13,0,0,1,1,0,0,0,0,0,1,1,2,0,0,0,0
67227,16501,16318,0,0,0,0,0,1220.79296875,53102.62890625,0,1,13,0,0,1,1,0,0,0,0,0,1,1,2,0,0,0,0
67227,17102,16318,0,0,0,0,0,1275.265625,53157.1015625,0,1,13,0,0,1,1,0,0,0,0,0,1,1,2,0,0,0,0
67227,17202,16318,0,0,0,0,0,1283.83203125,53165.66796875,0,1,13,0,0,1,1,0,0,0,0,0,1,1,2,0,0,0,0
67227,17703,16318,0,0,0,0,0,1320.58984375,53202.42578125,0,1,13,0,0,1,1,0,0,0,0,0,1,1,2,0,0,0,0
67227,17803,16318,0,0,0,0,0,1326.81640625,53208.65234375,0,1,13,0,0,1,1,0,0,0,0,0,1,1,2,0,0,0,0
67227,17903,16318,0,0,0,0,0,1332.69140625,53214.52734375,0,1,13,0,0,1,1,0,0,0,0,0,1,1,2,0,0,0,0
67227,18003,16318,0,0,0,0,0,1338.2421875,53220.078125,0,1,13,0,0,1,1,0,0,0,0,0,1,1,2,0,0,0,0
67227,18103,16318,0,0,0,0,0,1343.4765625,53225.3125,0,1,13,0,0,1,1,0,0,0,0,0,1,1,2,0,0,0,0
67227,18203,16318,0,0,0,0,0,1348.40234375,53230.23828125,0,1,13,0,0,1,1,0,0,0,0,0,1,1,2,0,0,0,0
67227,19404,16318,0,0,0,0,0,1389.25,53271.0859375,0,1,13,0,0,1,1,0,0,0,0,0,1,1,2,0,0,0,0
67227,19504,16318,0,0,0,0,0,1391.7421875,53273.578125,0,1,13,0,0,1,1,0,0,0,0,0,1,1,2,0,0,0,0
67227,19604,16318,0,0,0,0,0,1394.609375,53276.4453125,0,1,13,0,0,1,1,0,0,0,0,0,1,1,2,0,0,0,0
67227,19704,16318,0,0,0,0,0,1397.74609375,53279.58203125,0,1,13,0,0,1,1,0,0,0,0,0,1,1,2,0,0,0,0
67227,19905,16318,0,0,0,0,0,1406.3359375,53288.171875,0,1,13,0,0,1,1,0,0,0,0,0,1,1,2,0,0,0,0
67227,20005,16318,0,0,0,0,0,1410.515625,53292.3515625,0,1,13,0,0,1,1,0,0,0,0,0,1,1,2,0,0,0,0
67227,20105,16318,0,0,0,0,0,1413.4375,53295.2734375,0,1,13,0,0,1,1,0,0,0,0,0,1,1,2,0,0,0,0
67227,20505,16318,0,0,0,0,0,1421.62109375,53303.45703125,0,1,13,0,0,1,1,0,0,0,0,0,1,1,2,0,0,0,0
67227,20605,16318,0,0,0,0,0,1423.30859375,53305.14453125,0,1,13,0,0,1,1,0,0,0,0,0,1,1,2,0,0,0,0
67227,20705,16318,0,0,0,0,0,1425.08984375,53306.92578125,0,1,13,0,0,1,1,0,0,0,0,0,1,1,2,0,0,0,0
67227,20805,16318,0,0,0,0,0,1426.953125,53308.7890625,0,1,13,0,0,1,1,0,0,0,0,0,1,1,2,0,0,0,0
67227,20906,16318,0,0,0,0,0,1428.90234375,53310.73828125,0,1,13,0,0,1,1,0,0,0,0,0,1,1,2,0,0,0,0
67227,21306,16318,0,0,0,0,0,1437.515625,53319.3515625,0,1,13,0,0,1,1,0,0,0,0,0,1,1,2,0,0,0,0
67227,21506,16318,0,0,0,0,0,1442.328125,53324.1640625,0,1,13,0,0,1,1,0,0,0,0,0,1,1,2,0,0,0,0
67227,21606,16318,0,0,0,0,0,1444.8515625,53326.6875,0,1,13,0,0,1,1,0,0,0,0,0,1,1,2,0,0,0,0
67227,21907,16318,0,0,0,0,0,1453.04296875,53334.87890625,0,1,13,0,0,1,1,0,0,0,0,0,1,1,2,0,0,0,0
67227,22007,16318,0,0,0,0,0,1456.01171875,53337.84765625,0,1,13,0,0,1,1,0,0,0,0,0,1,1,2,0,0,0,0
67227,22207,16318,0,0,0,0,0,1462.33203125,53344.16796875,0,1,13,0,0,1,1,0,0,0,0,0,1,1,2,0,0,0,0
67227,22307,16318,0,0,0,0,0,1465.67578125,53347.51171875,0,1,13,0,0,1,1,0,0,0,0,0,1,1,2,0,0,0,0
67227,22407,16318,0,0,0,0,0,1469.1484375,53350.984375,0,1,13,0,0,1,1,0,0,0,0,0,1,1,2,0,0,0,0
67227,22791,16318,0,0,0,0,0,1483.70703125,53365.54296875,0,1,13,0,0,1,1,0,0,0,0,0,1,1,2,0,0,0,0
67227,23091,16318,0,0,0,0,0,1496.546875,53378.3828125,0,1,13,0,0,1,1,0,0,0,0,0,1,1,2,0,0,0,0
67227,23191,16318,0,0,0,0,0,1501.09375,53382.9296875,0,1,13,0,0,1,1,0,0,0,0,0,1,1,2,0,0,0,0
67227,23491,16318,0,0,0,0,0,1515.3984375,53397.234375,0,1,13,0,0,1,1,0,0,0,0,0,1,1,2,0,0,0,0
67227,23591,16318,0,0,0,0,0,1520.40234375,53402.23828125,0,1,13,0,0,1,1,0,0,0,0,0,1,1,2,0,0,0,0
67227,23692,16318,0,0,0,0,0,1525.51953125,53407.35546875,0,1,13,0,0,1,1,0,0,0,0,0,1,1,2,0,0,0,0
67227,23992,16318,0,0,0,0,0,1541.51953125,53423.35546875,0,1,13,0,0,1,1,0,0,0,0,0,1,1,2,0,0,0,0
67227,24192,16318,0,0,0,0,0,1552.703125,53434.5390625,0,1,13,0,0,1,1,0,0,0,0,0,1,1,2,0,0,0,0
67227,24593,16318,0,0,0,0,0,1576.15625,53457.9921875,0,1,13,0,0,1,1,0,0,0,0,0,1,1,2,0,0,0,0
67227,25093,16318,0,0,0,0,0,1607.58984375,53489.42578125,0,1,13,0,0,1,1,0,0,0,0,0,1,1,2,0,0,0,0
67227,25394,16318,0,0,0,0,0,1627.47265625,53509.30859375,0,1,13,0,0,1,1,0,0,0,0,0,1,1,2,0,0,0,0
67227,25494,16318,0,0,0,0,0,1634.23828125,53516.07421875,0,1,13,0,0,1,1,0,0,0,0,0,1,1,2,0,0,0,0
67227,26194,16318,0,0,0,0,0,1683.73828125,53565.57421875,0,1,13,0,0,1,1,0,0,0,0,0,1,1,2,0,0,0,0
67227,26394,16318,0,0,0,0,0,1698.4921875,53580.328125,0,1,13,0,0,1,1,0,0,0,0,0,1,1,2,0,0,0,0
67227,26795,16318,0,0,0,0,0,1728.6796875,53610.515625,0,1,13,0,0,1,1,0,0,0,0,0,1,1,2,0,0,0,0
67227,26995,16318,0,0,0,0,0,1744.109375,53625.9453125,0,1,13,0,0,1,1,0,0,0,0,0,1,1,2,0,0,0,0
67227,27195,16318,0,0,0,0,0,1759.75390625,53641.58984375,0,1,13,0,0,1,1,0,0,0,0,0,1,1,2,0,0,0,0
67227,27495,16318,0,0,0,0,0,1783.59375,53665.4296875,0,1,13,0,0,1,1,0,0,0,0,0,1,1,2,0,0,0,0
67227,27595,16318,0,0,0,0,0,1791.640625,53673.4765625,0,1,13,0,0,1,1,0,0,0,0,0,1,1,2,0,0,0,0
67227,27695,16318,0,0,0,0,0,1799.734375,53681.5703125,0,1,13,0,0,1,1,0,0,0,0,0,1,1,2,0,0,0,0
67227,27896,16318,0,0,0,0,0,1816.046875,53697.8828125,0,1,13,0,0,1,1,0,0,0,0,0,1,1,2,0,0,0,0
67227,28096,16318,0,0,0,0,0,1832.52734375,53714.36328125,0,1,13,0,0,1,1,0,0,0,0,0,1,1,2,0,0,0,0
67227,28697,16318,0,0,0,0,0,1882.87890625,53764.71484375,0,1,13,0,0,1,1,0,0,0,0,0,1,1,2,0,0,0,0
67227,28997,16318,0,0,0,0,0,1908.48046875,53790.31640625,0,1,13,0,0,1,1,0,0,0,0,0,1,1,2,0,0,0,0
67227,29197,16318,0,0,0,0,0,1925.76171875,53807.59765625,0,1,13,0,0,1,1,0,0,0,0,0,1,1,2,0,0,0,0
67227,29397,16318,0,0,0,0,0,1943.2109375,53825.046875,0,1,13,0,0,1,1,0,0,0,0,0,1,1,2,0,0,0,0
67227,29597,16318,0,0,0,0,0,1960.80078125,53842.63671875,0,1,13,0,0,1,1,0,0,0,0,0,1,1,2,0,0,0,0
67227,29698,16318,0,0,0,0,0,1969.66015625,53851.49609375,0,1,13,0,0,1,1,0,0,0,0,0,1,1,2,0,0,0,0
67227,29898,16318,0,0,0,0,0,1987.46875,53869.3046875,0,1,13,0,0,1,1,0,0,0,0,0,1,1,2,0,0,0,0
67227,30098,16318,0,0,0,0,0,2005.3828125,53887.21875,0,1,13,0,0,1,1,0,0,0,0,0,1,1,2,0,0,0,0
67227,31099,16318,0,0,0,0,0,2095.89453125,53977.73046875,0,1,13,0,0,1,1,0,0,0,0,0,1,1,2,0,0,0,0
67227,31199,16318,0,0,0,0,0,2104.39453125,53986.23046875,0,1,13,0,0,1,1,0,0,0,0,0,1,1,2,0,0,0,0
67227,31699,16318,0,0,0,0,0,2141.125,54022.9609375,0,1,13,0,0,1,1,0,0,0,0,0,1,1,2,0,0,0,0
67227,32000,16318,0,0,0,0,0,2158.9453125,54040.78125,0,1,13,0,0,1,1,0,0,0,0,0,1,1,2,0,0,0,0
67227,32100,16318,0,0,0,0,0,2164.22265625,54046.05859375,0,1,13,0,0,1,1,0,0,0,0,0,1,1,2,0,0,0,0
67227,32400,16318,0,0,0,0,0,2178.453125,54060.2890625,0,1,13,0,0,1,1,0,0,0,0,0,1,1,2,0,0,0,0
67227,32500,16318,0,0,0,0,0,2182.671875,54064.5078125,0,1,13,0,0,1,1,0,0,0,0,0,1,1,2,0,0,0,0
67227,32600,16318,0,0,0,0,0,2186.55078125,54068.38671875,0,1,13,0,0,1,1,0,0,0,0,0,1,1,2,0,0,0,0
67227,32700,16318,0,0,0,0,0,2190.29296875,54072.12890625,0,1,13,0,0,1,1,0,0,0,0,0,1,1,2,0,0,0,0
67227,32901,16318,0,0,0,0,0,2197.75390625,54079.58984375,0,1,13,0,0,1,1,0,0,0,0,0,1,1,2,0,0,0,0
67227,33501,16318,0,0,0,0,0,2220.97265625,54102.80859375,0,1,13,0,0,1,1,0,0,0,0,0,1,1,2,0,0,0,0
67227,33701,16318,0,0,0,0,0,2228.51953125,54110.35546875,0,1,13,0,0,1,1,0,0,0,0,0,1,1,2,0,0,0,0
67227,33801,16318,0,0,0,0,0,2232.04296875,54113.87890625,0,1,13,0,0,1,1,0,0,0,0,0,1,1,2,0,0,0,0
67227,33902,16318,0,0,0,0,0,2235.53125,54117.3671875,0,1,13,0,0,1,1,0,0,0,0,0,1,1,2,0,0,0,0
67227,34002,16318,0,0,0,0,0,2239.08203125,54120.91796875,0,1,13,0,0,1,1,0,0,0,0,0,1,1,2,0,0,0,0
67227,34102,16318,0,0,0,0,0,2242.51953125,54124.35546875,0,1,13,0,0,1,1,0,0,0,0,0,1,1,2,0,0,0,0
67227,34202,16318,0,0,0,0,0,2245.73828125,54127.57421875,0,1,13,0,0,1,1,0,0,0,0,0,1,1,2,0,0,0,0
67227,34402,16318,0,0,0,0,0,2251.8515625,54133.6875,0,1,13,0,0,1,1,0,0,0,0,0,1,1,2,0,0,0,0
67227,34502,16318,0,0,0,0,0,2254.8671875,54136.703125,0,1,13,0,0,1,1,0,0,0,0,0,1,1,2,0,0,0,0
67227,35003,16318,0,0,0,0,0,2271.40625,54153.2421875,0,1,13,0,0,1,1,0,0,0,0,0,1,1,2,0,0,0,0
67227,35203,16318,0,0,0,0,0,2278.8515625,54160.6875,0,1,13,0,0,1,1,0,0,0,0,0,1,1,2,0,0,0,0
67227,35403,16318,0,0,0,0,0,2286.7734375,54168.609375,0,1,13,0,0,1,1,0,0,0,0,0,1,1,2,0,0,0,0
67227,35603,16318,0,0,0,0,0,2294.8984375,54176.734375,0,1,13,0,0,1,1,0,0,0,0,0,1,1,2,0,0,0,0
67227,35703,16318,0,0,0,0,0,2299.08203125,54180.91796875,0,1,13,0,0,1,1,0,0,0,0,0,1,1,2,0,0,0,0
67227,35803,16318,0,0,0,0,0,2303.375,54185.2109375,0,1,13,0,0,1,1,0,0,0,0,0,1,1,2,0,0,0,0
67227,36104,16318,0,0,0,0,0,2316.89453125,54198.73046875,0,1,13,0,0,1,1,0,0,0,0,0,1,1,2,0,0,0,0
67227,36504,16318,0,0,0,0,0,2336.25,54218.0859375,0,1,13,0,0,1,1,0,0,0,0,0,1,1,2,0,0,0,0
67227,36604,16318,0,0,0,0,0,2341.3828125,54223.21875,0,1,13,0,0,1,1,0,0,0,0,0,1,1,2,0,0,0,0
67227,37105,16318,0,0,0,0,0,2368.4375,54250.2734375,0,1,13,0,0,1,1,0,0,0,0,0,1,1,2,0,0,0,0
67227,37205,16318,0,0,0,0,0,2374.1328125,54255.96875,0,1,13,0,0,1,1,0,0,0,0,0,1,1,2,0,0,0,0
67227,37705,16318,0,0,0,0,0,2404.0546875,54285.890625,0,1,13,0,0,1,1,0,0,0,0,0,1,1,2,0,0,0,0
67227,37805,16318,0,0,0,0,0,2410.26171875,54292.09765625,0,1,13,0,0,1,1,0,0,0,0,0,1,1,2,0,0,0,0
67227,37906,16318,0,0,0,0,0,2416.5625,54298.3984375,0,1,13,0,0,1,1,0,0,0,0,0,1,1,2,0,0,0,0
67227,38306,16318,0,0,0,0,0,2442.6328125,54324.46875,0,1,13,0,0,1,1,0,0,0,0,0,1,1,2,0,0,0,0
67227,38506,16318,0,0,0,0,0,2455.96484375,54337.80078125,0,1,13,0,0,1,1,0,0,0,0,0,1,1,2,0,0,0,0
67227,39007,16318,0,0,0,0,0,2490.34375,54372.1796875,0,1,13,0,0,1,1,0,0,0,0,0,1,1,2,0,0,0,0
67227,39190,16318,0,0,0,0,0,2503.22265625,54385.05859375,0,1,13,0,0,1,1,0,0,0,0,0,1,1,2,0,0,0,0
67227,39390,16318,0,0,0,0,0,2517.50390625,54399.33984375,0,1,13,0,0,1,1,0,0,0,0,0,1,1,2,0,0,0,0
67227,39490,16318,0,0,0,0,0,2524.7265625,54406.5625,0,1,13,0,0,1,1,0,0,0,0,0,1,1,2,0,0,0,0
67227,39891,16318,0,0,0,0,0,2554,54435.8359375,0,1,13,0,0,1,1,0,0,0,0,0,1,1,2,0,0,0,0
67227,40391,16318,0,0,0,0,0,2591.6328125,54473.46875,0,1,13,0,0,1,1,0,0,0,0,0,1,1,2,0,0,0,0
67227,40692,16318,0,0,0,0,0,2614.6875,54496.5234375,0,1,13,0,0,1,1,0,0,0,0,0,1,1,2,0,0,0,0
67227,40892,16318,0,0,0,0,0,2630.2734375,54512.109375,0,1,13,0,0,1,1,0,0,0,0,0,1,1,2,0,0,0,0
67227,41092,16318,0,0,0,0,0,2645.94140625,54527.77734375,0,1,13,0,0,1,1,0,0,0,0,0,1,1,2,0,0,0,0
67227,41192,16318,0,0,0,0,0,2653.484375,54535.3203125,0,1,13,0,0,1,1,0,0,0,0,0,1,1,2,0,0,0,0
67227,41292,16318,0,0,0,0,0,2660.546875,54542.3828125,0,1,13,0,0,1,1,0,0,0,0,0,1,1,2,0,0,0,0
67227,41392,16318,0,0,0,0,0,2667.30078125,54549.13671875,0,1,13,0,0,1,1,0,0,0,0,0,1,1,2,0,0,0,0
67227,41492,16318,0,0,0,0,0,2673.8203125,54555.65625,0,1,13,0,0,1,1,0,0,0,0,0,1,1,2,0,0,0,0
67227,41793,16318,0,0,0,0,0,2692.73828125,54574.57421875,0,1,13,0,0,1,1,0,0,0,0,0,1,1,2,0,0,0,0
67227,41893,16318,0,0,0,0,0,2698.58984375,54580.42578125,0,1,13,0,0,1,1,0,0,0,0,0,1,1,2,0,0,0,0
67227,42393,16318,0,0,0,0,0,2724.4609375,54606.296875,0,1,13,0,0,1,1,0,0,0,0,0,1,1,2,0,0,0,0
67227,42493,16318,0,0,0,0,0,2729.1875,54611.0234375,0,1,13,0,0,1,1,0,0,0,0,0,1,1,2,0,0,0,0
67227,42593,16318,0,0,0,0,0,2733.8671875,54615.703125,0,1,13,0,0,1,1,0,0,0,0,0,1,1,2,0,0,0,0
67227,42693,16318,0,0,0,0,0,2738.52734375,54620.36328125,0,1,13,0,0,1,1,0,0,0,0,0,1,1,2,0,0,0,0
67227,42894,16318,0,0,0,0,0,2747.9296875,54629.765625,0,1,13,0,0,1,1,0,0,0,0,0,1,1,2,0,0,0,0
67227,43094,16318,0,0,0,0,0,2757.26171875,54639.09765625,0,1,13,0,0,1,1,0,0,0,0,0,1,1,2,0,0,0,0
67227,43394,16318,0,0,0,0,0,2771.9375,54653.7734375,0,1,13,0,0,1,1,0,0,0,0,0,1,1,2,0,0,0,0
67227,43494,16318,0,0,0,0,0,2777.12109375,54658.95703125,0,1,13,0,0,1,1,0,0,0,0,0,1,1,2,0,0,0,0
67227,43594,16318,0,0,0,0,0,2782.27734375,54664.11328125,0,1,13,0,0,1,1,0,0,0,0,0,1,1,2,0,0,0,0
67227,43995,16318,0,0,0,0,0,2803.546875,54685.3828125,0,1,13,0,0,1,1,0,0,0,0,0,1,1,2,0,0,0,0
67227,44295,16318,0,0,0,0,0,2820,54701.8359375,0,1,13,0,0,1,1,0,0,0,0,0,1,1,2,0,0,0,0
67227,44595,16318,0,0,0,0,0,2836.66015625,54718.49609375,0,1,13,0,0,1,1,0,0,0,0,0,1,1,2,0,0,0,0
67227,44696,16318,0,0,0,0,0,2842.31640625,54724.15234375,0,1,13,0,0,1,1,0,0,0,0,0,1,1,2,0,0,0,0
67227,45096,16318,0,0,0,0,0,2865.59765625,54747.43359375,0,1,13,0,0,1,1,0,0,0,0,0,1,1,2,0,0,0,0
67227,45196,16318,0,0,0,0,0,2871.703125,54753.5390625,0,1,13,0,0,1,1,0,0,0,0,0,1,1,2,0,0,0,0
67227,45496,16318,0,0,0,0,0,2890.5859375,54772.421875,0,1,13,0,0,1,1,0,0,0,0,0,1,1,2,0,0,0,0
67227,45596,16318,0,0,0,0,0,2897.0390625,54778.875,0,1,13,0,0,1,1,0,0,0,0,0,1,1,2,0,0,0,0
67227,45697,16318,0,0,0,0,0,2903.58203125,54785.41796875,0,1,13,0,0,1,1,0,0,0,0,0,1,1,2,0,0,0,0
67227,45797,16318,0,0,0,0,0,2910.1953125,54792.03125,0,1,13,0,0,1,1,0,0,0,0,0,1,1,2,0,0,0,0
67227,45997,16318,0,0,0,0,0,2923.63671875,54805.47265625,0,1,13,0,0,1,1,0,0,0,0,0,1,1,2,0,0,0,0
67227,46097,16318,0,0,0,0,0,2930.45703125,54812.29296875,0,1,13,0,0,1,1,0,0,0,0,0,1,1,2,0,0,0,0
67227,46197,16318,0,29845,0,0,0,2937.33203125,54819.16796875,0,1,13,0,0,2,1,0,0,0,0,0,1,1,2,0,0,0,0
67227,46297,16318,0,29845,0,0,0,2944.3046875,54826.140625,0,1,13,0,0,2,1,0,0,0,0,0,1,1,2,0,0,0,0
67227,46397,16318,0,29845,0,0,0,2951.3203125,54833.15625,0,1,13,0,0,2,1,0,0,0,0,0,1,1,2,0,0,0,0
67227,46497,16318,0,29845,0,0,0,2958.39453125,54840.23046875,0,1,13,0,0,2,1,0,0,0,0,0,1,1,2,0,0,0,0
67227,46598,16318,0,29845,0,0,0,2965.5,54847.3359375,0,1,13,0,0,2,1,0,0,0,0,0,1,1,2,0,0,0,0
67227,46698,16318,0,29845,0,0,0,2972.5390625,54854.375,0,1,13,0,0,2,1,0,0,0,0,0,1,1,2,0,0,0,0
67227,46798,16318,0,29845,0,0,0,2979.15625,54860.9921875,0,1,13,0,0,2,1,0,0,0,0,0,1,1,2,0,0,0,0
67227,46898,16318,0,29845,0,0,0,2985.4921875,54867.328125,0,1,13,0,0,2,1,0,0,0,0,0,1,1,2,0,0,0,0
67227,46998,16318,0,29845,0,0,0,2991.7890625,54873.625,0,1,13,0,0,2,1,0,0,0,0,0,1,1,2,0,0,0,0
67227,47098,16318,0,29845,0,0,0,2998.1015625,54879.9375,0,1,13,0,0,2,1,0,0,0,0,0,1,1,2,0,0,0,0
67227,47198,16318,0,29845,0,0,0,3004.546875,54886.3828125,0,1,13,0,0,2,1,0,0,0,0,0,1,1,2,0,0,0,0
67227,47298,16318,0,29845,0,0,0,3010.9140625,54892.75,0,1,13,0,0,2,1,0,0,0,0,0,1,1,2,0,0,0,0
67227,47498,16318,0,29845,0,0,0,3023.58984375,54905.42578125,0,1,13,0,0,2,1,0,0,0,0,0,1,1,2,0,0,0,0
67227,47799,16318,0,29845,0,0,0,3042.68359375,54924.51953125,0,1,13,0,0,2,1,0,0,0,0,0,1,1,2,0,0,0,0
67227,47899,16318,0,29845,0,0,0,3048.8046875,54930.640625,0,1,13,0,0,2,1,0,0,0,0,0,1,1,2,0,0,0,0
67227,47999,16318,0,29845,0,0,0,3054.91796875,54936.75390625,0,1,13,0,0,2,1,0,0,0,0,0,1,1,2,0,0,0,0
67227,48199,16318,0,29845,0,0,0,3067.265625,54949.1015625,0,1,13,0,0,2,1,0,0,0,0,0,1,1,2,0,0,0,0
67227,48399,16318,0,29845,0,0,0,3079.390625,54961.2265625,0,1,13,0,0,2,1,0,0,0,0,0,1,1,2,0,0,0,0
67227,48700,16318,0,29845,0,0,0,3097.828125,54979.6640625,0,1,13,0,0,2,1,0,0,0,0,0,1,1,2,0,0,0,0
67227,48800,16318,0,29845,0,0,0,3103.8515625,54985.6875,0,1,13,0,0,2,1,0,0,0,0,0,1,1,2,0,0,0,0
67227,49000,16318,0,29845,0,0,0,3115.98828125,54997.82421875,0,1,13,0,0,2,1,0,0,0,0,0,1,1,2,0,0,0,0
67227,49100,16318,0,29845,0,0,0,3122.109375,55003.9453125,0,1,13,0,0,2,1,0,0,0,0,0,1,1,2,0,0,0,0
67227,49300,16318,0,29845,0,0,0,3134.12109375,55015.95703125,0,1,13,0,0,2,1,0,0,0,0,0,1,1,2,0,0,0,0
67227,49500,16318,0,29845,0,0,0,3146.16796875,55028.00390625,0,1,13,0,0,2,1,0,0,0,0,0,1,1,2,0,0,0,0
67227,49600,16318,0,29845,0,0,0,3152.44921875,55034.28515625,0,1,13,0,0,2,1,0,0,0,0,0,1,1,2,0,0,0,0
67227,50401,16318,0,29845,0,0,0,3206.22265625,55088.05859375,0,1,13,0,0,2,1,0,0,0,0,0,1,1,2,0,0,0,0
67227,50501,16318,0,29845,0,0,0,3213.23828125,55095.07421875,0,1,13,0,0,2,1,0,0,0,0,0,1,1,2,0,0,0,0
67227,50702,16318,0,29845,0,0,0,3227.421875,55109.2578125,0,1,13,0,0,2,1,0,0,0,0,0,1,1,2,0,0,0,0
67227,51402,16318,0,29845,0,0,0,3278.5703125,55160.40625,0,1,13,0,0,2,1,0,0,0,0,0,1,1,2,0,0,0,0
67227,51703,16318,0,29845,0,0,0,3300.8828125,55182.71875,0,1,13,0,0,2,1,0,0,0,0,0,1,1,2,0,0,0,0
67227,51903,16318,0,29845,0,0,0,3315.64453125,55197.48046875,0,1,13,0,0,2,1,0,0,0,0,0,1,1,2,0,0,0,0
67227,52003,16318,0,29845,0,0,0,3323.03125,55204.8671875,0,1,13,0,0,2,1,0,0,0,0,0,1,1,2,0,0,0,0
67227,52103,16318,0,29845,0,0,0,3330.453125,55212.2890625,0,1,13,0,0,2,1,0,0,0,0,0,1,1,2,0,0,0,0
67227,52303,16318,0,29845,0,0,0,3345.57421875,55227.41015625,0,1,13,0,0,2,1,0,0,0,0,0,1,1,2,0,0,0,0
67227,52403,16318,0,29845,0,0,0,3353.19921875,55235.03515625,0,1,13,0,0,2,1,0,0,0,0,0,1,1,2,0,0,0,0
67227,52503,16318,0,29845,0,0,0,3360.85546875,55242.69140625,0,1,13,0,0,2,1,0,0,0,0,0,1,1,2,0,0,0,0
67227,52603,16318,0,29845,0,0,0,3368.5546875,55250.390625,0,1,13,0,0,2,1,0,0,0,0,0,1,1,2,0,0,0,0
67227,52804,16318,0,29845,0,0,0,3384.078125,55265.9140625,0,1,13,0,0,2,1,0,0,0,0,0,1,1,2,0,0,0,0
67227,53604,16318,0,29845,0,0,0,3447.578125,55329.4140625,0,1,13,0,0,2,1,0,0,0,0,0,1,1,2,0,0,0,0
67227,53705,16318,0,29845,0,0,0,3455.65625,55337.4921875,0,1,13,0,0,2,1,0,0,0,0,0,1,1,2,0,0,0,0
67227,53905,16318,0,29845,0,0,0,3471.890625,55353.7265625,0,1,13,0,0,2,1,0,0,0,0,0,1,1,2,0,0,0,0
67227,54005,16318,0,29845,0,0,0,3480.05859375,55361.89453125,0,1,13,0,0,2,1,0,0,0,0,0,1,1,2,0,0,0,0
67227,54105,16318,0,29845,0,0,0,3488.25390625,55370.08984375,0,1,13,0,0,2,1,0,0,0,0,0,1,1,2,0,0,0,0
67227,54205,16318,0,29845,0,0,0,3496.48046875,55378.31640625,0,1,13,0,0,2,1,0,0,0,0,0,1,1,2,0,0,0,0
67227,54305,16318,0,29845,0,0,0,3504.72265625,55386.55859375,0,1,13,0,0,2,1,0,0,0,0,0,1,1,2,0,0,0,0
67227,54505,16318,0,29845,0,0,0,3521.26171875,55403.09765625,0,1,13,0,0,2,1,0,0,0,0,0,1,1,2,0,0,0,0
67227,54605,16318,0,29845,0,0,0,3529.56640625,55411.40234375,0,1,13,0,0,2,1,0,0,0,0,0,1,1,2,0,0,0,0
67227,54806,16318,0,29845,0,0,0,3546.27734375,55428.11328125,0,1,13,0,0,2,1,0,0,0,0,0,1,1,2,0,0,0,0
67227,54906,16318,0,29845,0,0,0,3554.65234375,55436.48828125,0,1,13,0,0,2,1,0,0,0,0,0,1,1,2,0,0,0,0
67227,55106,16318,0,29845,0,0,0,3571.47265625,55453.30859375,0,1,13,0,0,2,1,0,0,0,0,0,1,1,2,0,0,0,0
67227,55406,16318,0,29845,0,0,0,3596.89453125,55478.73046875,0,1,13,0,0,2,1,0,0,0,0,0,1,1,2,0,0,0,0
67227,55506,16318,0,29845,0,0,0,3605.41796875,55487.25390625,0,1,13,0,0,2,1,0,0,0,0,0,1,1,2,0,0,0,0
67227,55690,16318,0,29845,0,0,0,3621.109375,55502.9453125,0,1,13,0,0,2,1,0,0,0,0,0,1,1,2,0,0,0,0
67227,55790,16318,0,29845,0,0,0,3629.69140625,55511.52734375,0,1,13,0,0,2,1,0,0,0,0,0,1,1,2,0,0,0,0
67227,55990,16318,0,29845,0,0,0,3646.92578125,55528.76171875,0,1,13,0,0,2,1,0,0,0,0,0,1,1,2,0,0,0,0
67227,56090,16318,0,29845,0,0,0,3655.5703125,55537.40625,0,1,13,0,0,2,1,0,0,0,0,0,1,1,2,0,0,0,0
67227,56290,16318,0,29845,0,0,0,3672.9453125,55554.78125,0,1,13,0,0,2,1,0,0,0,0,0,1,1,2,0,0,0,0
67227,56390,16318,0,29845,0,0,0,3681.64453125,55563.48046875,0,1,13,0,0,2,1,0,0,0,0,0,1,1,2,0,0,0,0
67227,56490,16318,0,29845,0,0,0,3690.359375,55572.1953125,0,1,13,0,0,2,1,0,0,0,0,0,1,1,2,0,0,0,0
67227,57191,16318,0,29845,0,0,0,3748.5625,55630.3984375,0,1,13,0,0,2,1,0,0,0,0,0,1,1,2,0,0,0,0
67227,57291,16318,0,29845,0,0,0,3755.7109375,55637.546875,0,1,13,0,0,2,1,0,0,0,0,0,1,1,2,0,0,0,0
67227,57391,16318,0,29845,0,0,0,3762.65625,55644.4921875,0,1,13,0,0,2,1,0,0,0,0,0,1,1,2,0,0,0,0
67227,57591,16318,0,29845,0,0,0,3776.84375,55658.6796875,0,1,13,0,0,2,1,0,0,0,0,0,1,1,2,0,0,0,0
67227,57892,16318,0,29845,0,0,0,3798.48046875,55680.31640625,0,1,13,0,0,2,1,0,0,0,0,0,1,1,2,0,0,0,0
67227,57992,16318,0,29845,0,0,0,3805.53515625,55687.37109375,0,1,13,0,0,2,1,0,0,0,0,0,1,1,2,0,0,0,0
67227,58292,16318,0,29845,0,0,0,3826.078125,55707.9140625,0,1,13,0,0,2,1,0,0,0,0,0,1,1,2,0,0,0,0
67227,58392,16318,0,29845,0,0,0,3832.55078125,55714.38671875,0,1,13,0,0,2,1,0,0,0,0,0,1,1,2,0,0,0,0
67227,58492,16318,0,29845,0,0,0,3838.91015625,55720.74609375,0,1,13,0,0,2,1,0,0,0,0,0,1,1,2,0,0,0,0
67227,58592,16318,0,29845,0,0,0,3845.09375,55726.9296875,0,1,13,0,0,2,1,0,0,0,0,0,1,1,2,0,0,0,0
67227,58693,16318,0,29845,0,0,0,3851.28515625,55733.12109375,0,1,13,0,0,2,1,0,0,0,0,0,1,1,2,0,0,0,0
67227,58893,16318,0,29845,0,0,0,3863.734375,55745.5703125,0,1,13,0,0,2,1,0,0,0,0,0,1,1,2,0,0,0,0
67227,59193,16318,0,29845,0,0,0,3883.12109375,55764.95703125,0,1,13,0,0,2,1,0,0,0,0,0,1,1,2,0,0,0,0
67227,59293,16318,0,29845,0,0,0,3889.6796875,55771.515625,0,1,13,0,0,2,1,0,0,0,0,0,1,1,2,0,0,0,0
67227,59493,16318,0,29845,0,0,0,3902.984375,55784.8203125,0,1,13,0,0,2,1,0,0,0,0,0,1,1,2,0,0,0,0
67227,59694,16318,0,29845,0,0,0,3916.6015625,55798.4375,0,1,13,0,0,2,1,0,0,0,0,0,1,1,2,0,0,0,0
67227,59894,16318,0,29845,0,0,0,3930.5,55812.3359375,0,1,13,0,0,2,1,0,0,0,0,0,1,1,2,0,0,0,0
67227,59994,16318,0,29845,0,0,0,3937.53515625,55819.37109375,0,1,13,0,0,2,1,0,0,0,0,0,1,1,2,0,0,0,0
67227,60194,16318,0,29845,0,0,0,3951.6796875,55833.515625,0,1,13,0,0,2,1,0,0,0,0,0,1,1,2,0,0,0,0
67227,60294,16318,0,29845,0,0,0,3958.390625,55840.2265625,0,1,13,0,0,2,1,0,0,0,0,0,1,1,2,0,0,0,0
67227,60694,16318,0,29845,0,0,0,3982.00390625,55863.83984375,0,1,13,0,0,2,1,0,0,0,0,0,1,1,2,0,0,0,0
67227,60895,16318,0,29845,0,0,0,3992.10546875,55873.94140625,0,1,13,0,0,2,1,0,0,0,0,0,1,1,2,0,0,0,0
67227,61095,16318,0,29845,0,0,0,4002.88671875,55884.72265625,0,1,13,0,0,2,1,0,0,0,0,0,1,1,2,0,0,0,0
67227,61195,16318,0,29845,0,0,0,4008.9609375,55890.796875,0,1,13,0,0,2,1,0,0,0,0,0,1,1,2,0,0,0,0
67227,61696,16318,0,29845,0,0,0,4035.03125,55916.8671875,0,1,13,0,0,2,1,0,0,0,0,0,1,1,2,0,0,0,0
67227,61796,16318,0,29845,0,0,0,4039.94140625,55921.77734375,0,1,13,0,0,2,1,0,0,0,0,0,1,1,2,0,0,0,0
67227,61896,16318,0,29845,0,0,0,4044.9453125,55926.78125,0,1,13,0,0,2,1,0,0,0,0,0,1,1,2,0,0,0,0
67227,62196,16318,0,29845,0,0,0,4060.3046875,55942.140625,0,1,13,0,0,2,1,0,0,0,0,0,1,1,2,0,0,0,0
67227,62496,16318,0,29845,0,0,0,4075.76953125,55957.60546875,0,1,13,0,0,2,1,0,0,0,0,0,1,1,2,0,0,0,0
67227,62596,16318,0,29845,0,0,0,4080.75390625,55962.58984375,0,1,13,0,0,2,1,0,0,0,0,0,1,1,2,0,0,0,0
67227,62696,16318,0,29845,0,0,0,4085.625,55967.4609375,0,1,13,0,0,2,1,0,0,0,0,0,1,1,2,0,0,0,0
67227,62997,16318,0,29845,0,0,0,4099.3203125,55981.15625,0,1,13,0,0,2,1,0,0,0,0,0,1,1,2,0,0,0,0
67227,63097,16318,0,29845,0,0,0,4103.43359375,55985.26953125,0,1,13,0,0,2,1,0,0,0,0,0,1,1,2,0,0,0,0
67227,63197,16318,0,29845,0,0,0,4107.2578125,55989.09375,0,1,13,0,0,2,1,0,0,0,0,0,1,1,2,0,0,0,0
67227,63597,16318,0,29845,0,0,0,4118.4921875,56000.328125,0,1,13,0,0,2,1,0,0,0,0,0,1,1,2,0,0,0,0
67227,63798,16318,0,29845,0,0,0,4122.43359375,56004.26953125,0,1,13,0,0,2,1,0,0,0,0,0,1,1,2,0,0,0,0
67227,63998,16318,0,29845,0,0,0,4125.609375,56007.4453125,0,1,13,0,0,2,1,0,0,0,0,0,1,1,2,0,0,0,0
67227,64098,16318,0,29845,0,0,0,4126.859375,56008.6953125,0,1,13,0,0,2,1,0,0,0,0,0,1,1,2,0,0,0,0
67227,64198,16318,0,29845,0,0,0,4127.85546875,56009.69140625,0,1,13,0,0,2,1,0,0,0,0,0,1,1,2,0,0,0,0
67227,64298,16318,0,29845,0,0,0,4128.625,56010.4609375,0,1,13,0,0,2,1,0,0,0,0,0,1,1,2,0,0,0,0
