Date,RPM,Speed,nGear,Throttle,Brake,DRS,Source_x,Time_x,SessionTime_x,Distance,LapNumber_x,Status,X,Y,Z,Source_y,Time_y,SessionTime_y,LapNumber_y,Cluster
2023-04-02 05:03:18.830,10490,0,1,37,True,1,car,0 days 00:00:00.145000,0 days 01:02:17.008000,0.0,1.0,OnTrack,-726,-1780,88,pos,0 days 00:00:00.049000,0 days 01:02:16.912000,1.0,2
2023-04-02 05:03:19.030,10081,0,1,36,True,1,car,0 days 00:00:00.345000,0 days 01:02:17.208000,0.0,1.0,OnTrack,-726,-1780,88,pos,0 days 00:00:00.289000,0 days 01:02:17.152000,1.0,2
2023-04-02 05:03:19.349,7841,6,1,37,False,1,car,0 days 00:00:00.664000,0 days 01:02:17.527000,0.5316666666666667,1.0,OnTrack,-730,-1776,88,pos,0 days 00:00:00.629000,0 days 01:02:17.492000,1.0,2
2023-04-02 05:03:19.549,6441,13,1,39,False,1,car,0 days 00:00:00.864000,0 days 01:02:17.727000,1.2538888888888888,1.0,OnTrack,-736,-1770,88,pos,0 days 00:00:00.949000,0 days 01:02:17.812000,1.0,2
2023-04-02 05:03:19.869,5257,26,1,42,False,1,car,0 days 00:00:01.184000,0 days 01:02:18.047000,3.5649999999999995,1.0,OnTrack,-743,-1764,88,pos,0 days 00:00:01.109000,0 days 01:02:17.972000,1.0,2
2023-04-02 05:03:20.069,4638,33,1,44,False,1,car,0 days 00:00:01.384000,0 days 01:02:18.247000,5.3983333333333325,1.0,OnTrack,-759,-1749,88,pos,0 days 00:00:01.389000,0 days 01:02:18.252000,1.0,2
2023-04-02 05:03:20.309,6034,41,1,51,False,1,car,0 days 00:00:01.624000,0 days 01:02:18.487000,8.131666666666668,1.0,OnTrack,-772,-1736,88,pos,0 days 00:00:01.569000,0 days 01:02:18.432000,1.0,2
2023-04-02 05:03:20.629,7389,52,1,57,False,1,car,0 days 00:00:01.944000,0 days 01:02:18.807000,12.753888888888888,1.0,OnTrack,-820,-1691,88,pos,0 days 00:00:02.049000,0 days 01:02:18.912000,1.0,2
2023-04-02 05:03:20.869,8986,64,1,59,False,1,car,0 days 00:00:02.184000,0 days 01:02:19.047000,17.02055555555556,1.0,OnTrack,-845,-1666,87,pos,0 days 00:00:02.249000,0 days 01:02:19.112000,1.0,2
2023-04-02 05:03:21.109,9739,72,1,62,False,1,car,0 days 00:00:02.424000,0 days 01:02:19.287000,21.82055555555556,1.0,OnTrack,-871,-1642,87,pos,0 days 00:00:02.429000,0 days 01:02:19.292000,1.0,2
2023-04-02 05:03:21.309,10901,81,1,67,False,1,car,0 days 00:00:02.624000,0 days 01:02:19.487000,26.32055555555556,1.0,OnTrack,-930,-1586,86,pos,0 days 00:00:02.689000,0 days 01:02:19.552000,1.0,2
2023-04-02 05:03:21.469,11563,89,1,71,False,1,car,0 days 00:00:02.784000,0 days 01:02:19.647000,30.27611111111111,1.0,OnTrack,-930,-1586,86,pos,0 days 00:00:02.689000,0 days 01:02:19.552000,1.0,2
2023-04-02 05:03:21.709,10723,98,1,75,False,1,car,0 days 00:00:03.024000,0 days 01:02:19.887000,36.80944444444445,1.0,OnTrack,-1001,-1519,86,pos,0 days 00:00:03.130000,0 days 01:02:19.993000,1.0,2
2023-04-02 05:03:21.869,9981,107,2,82,False,1,car,0 days 00:00:03.184000,0 days 01:02:20.047000,41.56500000000001,1.0,OnTrack,-1001,-1519,86,pos,0 days 00:00:03.130000,0 days 01:02:19.993000,1.0,2
2023-04-02 05:03:22.070,9981,117,2,82,False,1,car,0 days 00:00:03.385000,0 days 01:02:20.248000,48.0975,1.0,OnTrack,-1001,-1519,86,pos,0 days 00:00:03.130000,0 days 01:02:19.993000,1.0,2
2023-04-02 05:03:22.310,10946,128,2,99,False,1,car,0 days 00:00:03.625000,0 days 01:02:20.488000,56.63083333333334,1.0,OnTrack,-1127,-1399,85,pos,0 days 00:00:03.750000,0 days 01:02:20.613000,1.0,2
2023-04-02 05:03:22.510,10963,138,3,99,False,1,car,0 days 00:00:03.825000,0 days 01:02:20.688000,64.29750000000001,1.0,OnTrack,-1127,-1399,85,pos,0 days 00:00:03.750000,0 days 01:02:20.613000,1.0,2
2023-04-02 05:03:22.790,10553,153,3,99,False,1,car,0 days 00:00:04.105000,0 days 01:02:20.968000,76.19750000000002,1.0,OnTrack,-1258,-1274,85,pos,0 days 00:00:04.190000,0 days 01:02:21.053000,1.0,2
2023-04-02 05:03:23.030,10623,162,4,100,False,1,car,0 days 00:00:04.345000,0 days 01:02:21.208000,86.99749999999999,1.0,OnTrack,-1310,-1225,84,pos,0 days 00:00:04.350000,0 days 01:02:21.213000,1.0,2
2023-04-02 05:03:23.270,11169,175,4,99,False,1,car,0 days 00:00:04.585000,0 days 01:02:21.448000,98.66416666666666,1.0,OnTrack,-1407,-1133,83,pos,0 days 00:00:04.630000,0 days 01:02:21.493000,1.0,2
2023-04-02 05:03:23.550,11463,183,4,99,False,1,car,0 days 00:00:04.865000,0 days 01:02:21.728000,112.8975,1.0,OnTrack,-1472,-1070,83,pos,0 days 00:00:04.810000,0 days 01:02:21.673000,1.0,2
2023-04-02 05:03:23.710,11889,191,4,99,False,1,car,0 days 00:00:05.025000,0 days 01:02:21.888000,121.3863888888889,1.0,OnTrack,-1548,-998,82,pos,0 days 00:00:05.010000,0 days 01:02:21.873000,1.0,2
2023-04-02 05:03:24.030,10854,201,5,100,False,1,car,0 days 00:00:05.345000,0 days 01:02:22.208000,139.25305555555553,1.0,OnTrack,-1658,-893,82,pos,0 days 00:00:05.290000,0 days 01:02:22.153000,1.0,2
2023-04-02 05:03:24.350,11161,211,5,99,False,1,car,0 days 00:00:05.665000,0 days 01:02:22.528000,158.0086111111111,1.0,OnTrack,-1842,-719,80,pos,0 days 00:00:05.730000,0 days 01:02:22.593000,1.0,2
2023-04-02 05:03:24.630,11461,213,5,99,False,1,car,0 days 00:00:05.945000,0 days 01:02:22.808000,174.5752777777778,1.0,OnTrack,-1979,-588,79,pos,0 days 00:00:05.910000,0 days 01:02:22.773000,1.0,2
2023-04-02 05:03:24.830,11714,219,5,99,False,1,car,0 days 00:00:06.145000,0 days 01:02:23.008000,186.7419444444444,1.0,OnTrack,-2086,-487,78,pos,0 days 00:00:06.289000,0 days 01:02:23.152000,1.0,2
2023-04-02 05:03:25.110,11270,228,5,99,False,1,car,0 days 00:00:06.425000,0 days 01:02:23.288000,204.47527777777776,1.0,OnTrack,-2140,-436,78,pos,0 days 00:00:06.409000,0 days 01:02:23.272000,1.0,2
2023-04-02 05:03:25.430,10619,230,6,99,False,1,car,0 days 00:00:06.745000,0 days 01:02:23.608000,224.91972222222225,1.0,OnTrack,-2288,-295,77,pos,0 days 00:00:06.729000,0 days 01:02:23.592000,1.0,2
2023-04-02 05:03:25.590,10769,235,6,100,False,1,car,0 days 00:00:06.905000,0 days 01:02:23.768000,235.36416666666668,1.0,OnTrack,-2381,-206,76,pos,0 days 00:00:06.929000,0 days 01:02:23.792000,1.0,2
2023-04-02 05:03:25.910,11186,244,6,99,False,1,car,0 days 00:00:07.225000,0 days 01:02:24.088000,257.05305555555555,1.0,OnTrack,-2556,-40,75,pos,0 days 00:00:07.289000,0 days 01:02:24.152000,1.0,2
2023-04-02 05:03:26.349,11055,252,6,10,True,1,car,0 days 00:00:07.664000,0 days 01:02:24.527000,287.78305555555556,1.0,OnTrack,-2707,102,75,pos,0 days 00:00:07.549000,0 days 01:02:24.412000,1.0,2
2023-04-02 05:03:26.549,11124,252,6,0,True,1,car,0 days 00:00:07.864000,0 days 01:02:24.727000,301.78305555555556,1.0,OnTrack,-2828,218,76,pos,0 days 00:00:07.789000,0 days 01:02:24.652000,1.0,2
2023-04-02 05:03:26.749,10786,229,6,0,True,1,car,0 days 00:00:08.064000,0 days 01:02:24.927000,314.5052777777778,1.0,OnTrack,-2903,289,76,pos,0 days 00:00:07.949000,0 days 01:02:24.812000,1.0,2
2023-04-02 05:03:26.989,11502,216,5,0,True,1,car,0 days 00:00:08.304000,0 days 01:02:25.167000,328.9052777777778,1.0,OnTrack,-3057,434,76,pos,0 days 00:00:08.189000,0 days 01:02:25.052000,1.0,1
2023-04-02 05:03:27.349,11782,195,5,0,True,1,car,0 days 00:00:08.664000,0 days 01:02:25.527000,348.40527777777777,1.0,OnTrack,-3222,589,78,pos,0 days 00:00:08.689000,0 days 01:02:25.552000,1.0,1
2023-04-02 05:03:28.470,10273,123,3,0,True,1,car,0 days 00:00:09.785000,0 days 01:02:26.648000,386.7061111111111,1.0,OnTrack,-3526,915,81,pos,0 days 00:00:09.650000,0 days 01:02:26.513000,1.0,1
2023-04-02 05:03:28.910,9349,107,2,0,True,1,car,0 days 00:00:10.225000,0 days 01:02:27.088000,399.7838888888889,1.0,OnTrack,-3591,1014,81,pos,0 days 00:00:10.130000,0 days 01:02:26.993000,1.0,1
2023-04-02 05:03:29.070,9483,106,2,28,False,1,car,0 days 00:00:10.385000,0 days 01:02:27.248000,404.495,1.0,OnTrack,-3632,1095,80,pos,0 days 00:00:10.470000,0 days 01:02:27.333000,1.0,1
2023-04-02 05:03:29.390,9571,106,2,56,False,1,car,0 days 00:00:10.705000,0 days 01:02:27.568000,413.9172222222222,1.0,OnTrack,-3649,1143,79,pos,0 days 00:00:10.650000,0 days 01:02:27.513000,1.0,1
2023-04-02 05:03:29.590,8839,111,2,53,False,1,car,0 days 00:00:10.905000,0 days 01:02:27.768000,420.0838888888889,1.0,OnTrack,-3665,1216,80,pos,0 days 00:00:10.910000,0 days 01:02:27.773000,1.0,1
2023-04-02 05:03:29.750,8816,112,2,61,False,1,car,0 days 00:00:11.065000,0 days 01:02:27.928000,425.0616666666666,1.0,OnTrack,-3670,1309,81,pos,0 days 00:00:11.070000,0 days 01:02:27.933000,1.0,1
2023-04-02 05:03:29.910,8999,116,3,61,False,1,car,0 days 00:00:11.225000,0 days 01:02:28.088000,430.2172222222222,1.0,OnTrack,-3670,1309,81,pos,0 days 00:00:11.070000,0 days 01:02:27.933000,1.0,1
2023-04-02 05:03:30.110,8977,119,3,55,False,1,car,0 days 00:00:11.425000,0 days 01:02:28.288000,436.8283333333333,1.0,OnTrack,-3663,1383,82,pos,0 days 00:00:11.430000,0 days 01:02:28.293000,1.0,1
2023-04-02 05:03:30.430,9677,124,3,60,False,1,car,0 days 00:00:11.745000,0 days 01:02:28.608000,447.8505555555555,1.0,OnTrack,-3646,1484,83,pos,0 days 00:00:11.730000,0 days 01:02:28.593000,1.0,1
2023-04-02 05:03:30.750,10650,130,3,78,False,1,car,0 days 00:00:12.065000,0 days 01:02:28.928000,459.40611111111104,1.0,OnTrack,-3617,1611,82,pos,0 days 00:00:11.950000,0 days 01:02:28.813000,1.0,1
2023-04-02 05:03:31.030,11697,137,3,81,False,1,car,0 days 00:00:12.345000,0 days 01:02:29.208000,470.06166666666667,1.0,OnTrack,-3584,1744,82,pos,0 days 00:00:12.450000,0 days 01:02:29.313000,1.0,1
2023-04-02 05:03:31.430,9907,157,4,73,False,1,car,0 days 00:00:12.745000,0 days 01:02:29.608000,487.50611111111107,1.0,OnTrack,-3555,1901,82,pos,0 days 00:00:12.770000,0 days 01:02:29.633000,1.0,1
2023-04-02 05:03:31.670,10454,163,4,76,False,1,car,0 days 00:00:12.985000,0 days 01:02:29.848000,498.37277777777774,1.0,OnTrack,-3555,2083,83,pos,0 days 00:00:13.189000,0 days 01:02:30.052000,1.0,1
2023-04-02 05:03:32.070,11020,173,4,80,False,1,car,0 days 00:00:13.385000,0 days 01:02:30.248000,517.595,1.0,OnTrack,-3569,2217,83,pos,0 days 00:00:13.509000,0 days 01:02:30.372000,1.0,1
2023-04-02 05:03:32.310,11508,177,4,82,False,1,car,0 days 00:00:13.625000,0 days 01:02:30.488000,529.395,1.0,OnTrack,-3583,2295,84,pos,0 days 00:00:13.669000,0 days 01:02:30.532000,1.0,1
2023-04-02 05:03:32.630,10368,187,5,88,False,1,car,0 days 00:00:13.945000,0 days 01:02:30.808000,546.0172222222222,1.0,OnTrack,-3583,2295,84,pos,0 days 00:00:13.669000,0 days 01:02:30.532000,1.0,1
2023-04-02 05:03:32.870,10636,196,5,100,False,1,car,0 days 00:00:14.185000,0 days 01:02:31.048000,559.083888888889,1.0,OnTrack,-3583,2295,84,pos,0 days 00:00:13.669000,0 days 01:02:30.532000,1.0,1
2023-04-02 05:03:33.069,10882,202,5,100,False,1,car,0 days 00:00:14.384000,0 days 01:02:31.247000,570.2500000000001,1.0,OnTrack,-3927,2918,88,pos,0 days 00:00:14.829000,0 days 01:02:31.692000,1.0,1
2023-04-02 05:03:33.509,11587,213,5,100,False,1,car,0 days 00:00:14.824000,0 days 01:02:31.687000,596.2833333333334,1.0,OnTrack,-3927,2918,88,pos,0 days 00:00:14.829000,0 days 01:02:31.692000,1.0,1
2023-04-02 05:03:33.709,11806,218,5,100,False,1,car,0 days 00:00:15.024000,0 days 01:02:31.887000,608.3944444444445,1.0,OnTrack,-3927,2918,88,pos,0 days 00:00:14.829000,0 days 01:02:31.692000,1.0,1
2023-04-02 05:03:33.949,11524,222,5,99,False,1,car,0 days 00:00:15.264000,0 days 01:02:32.127000,623.1944444444446,1.0,OnTrack,-4054,3046,89,pos,0 days 00:00:15.249000,0 days 01:02:32.112000,1.0,1
2023-04-02 05:03:34.149,10793,229,5,99,False,1,car,0 days 00:00:15.464000,0 days 01:02:32.327000,635.9166666666669,1.0,OnTrack,-4140,3122,89,pos,0 days 00:00:15.429000,0 days 01:02:32.292000,1.0,1
2023-04-02 05:03:34.469,10976,239,6,99,False,1,car,0 days 00:00:15.784000,0 days 01:02:32.647000,657.1611111111113,1.0,OnTrack,-4309,3266,88,pos,0 days 00:00:15.769000,0 days 01:02:32.632000,1.0,1
2023-04-02 05:03:34.789,11255,244,6,100,False,1,car,0 days 00:00:16.104000,0 days 01:02:32.967000,678.85,1.0,OnTrack,-4430,3371,88,pos,0 days 00:00:16.009000,0 days 01:02:32.872000,1.0,1
2023-04-02 05:03:34.989,11337,250,6,100,False,1,car,0 days 00:00:16.304000,0 days 01:02:33.167000,692.7388888888888,1.0,OnTrack,-4633,3557,88,pos,0 days 00:00:16.330000,0 days 01:02:33.193000,1.0,1
2023-04-02 05:03:35.390,11821,256,6,100,False,1,car,0 days 00:00:16.705000,0 days 01:02:33.568000,721.2544444444444,1.0,OnTrack,-4828,3744,89,pos,0 days 00:00:16.770000,0 days 01:02:33.633000,1.0,1
2023-04-02 05:03:35.630,10702,262,6,100,False,1,car,0 days 00:00:16.945000,0 days 01:02:33.808000,738.7211111111112,1.0,OnTrack,-4828,3744,89,pos,0 days 00:00:16.770000,0 days 01:02:33.633000,1.0,1
2023-04-02 05:03:35.870,10729,266,7,100,False,1,car,0 days 00:00:17.185000,0 days 01:02:34.048000,756.4544444444444,1.0,OnTrack,-5026,3939,90,pos,0 days 00:00:17.170000,0 days 01:02:34.033000,1.0,1
2023-04-02 05:03:36.310,10983,271,7,99,False,1,car,0 days 00:00:17.625000,0 days 01:02:34.488000,789.5766666666667,1.0,OnTrack,-5316,4242,89,pos,0 days 00:00:17.730000,0 days 01:02:34.593000,1.0,1
2023-04-02 05:03:36.710,11127,276,7,99,False,1,car,0 days 00:00:18.025000,0 days 01:02:34.888000,820.2433333333332,1.0,OnTrack,-5460,4399,89,pos,0 days 00:00:17.910000,0 days 01:02:34.773000,1.0,4
2023-04-02 05:03:37.030,11228,279,7,99,False,1,car,0 days 00:00:18.345000,0 days 01:02:35.208000,845.0433333333333,1.0,OnTrack,-5583,4538,89,pos,0 days 00:00:18.250000,0 days 01:02:35.113000,1.0,4
2023-04-02 05:03:37.350,11326,282,7,99,False,1,car,0 days 00:00:18.665000,0 days 01:02:35.528000,870.11,1.0,OnTrack,-5886,4895,86,pos,0 days 00:00:18.730000,0 days 01:02:35.593000,1.0,4
2023-04-02 05:03:37.710,11447,285,7,99,False,1,car,0 days 00:00:19.025000,0 days 01:02:35.888000,898.61,1.0,OnTrack,-5995,5031,86,pos,0 days 00:00:19.090000,0 days 01:02:35.953000,1.0,4
2023-04-02 05:03:37.950,11499,286,7,99,False,1,car,0 days 00:00:19.265000,0 days 01:02:36.128000,917.6766666666668,1.0,OnTrack,-6190,5284,85,pos,0 days 00:00:19.410000,0 days 01:02:36.273000,1.0,4
2023-04-02 05:03:38.270,10915,282,7,27,True,1,car,0 days 00:00:19.585000,0 days 01:02:36.448000,942.7433333333336,1.0,OnTrack,-6310,5446,84,pos,0 days 00:00:19.749000,0 days 01:02:36.612000,1.0,4
2023-04-02 05:03:38.590,10854,268,7,0,True,1,car,0 days 00:00:19.905000,0 days 01:02:36.768000,966.5655555555558,1.0,OnTrack,-6457,5651,84,pos,0 days 00:00:19.949000,0 days 01:02:36.812000,1.0,4
2023-04-02 05:03:38.870,11451,261,7,0,True,1,car,0 days 00:00:20.185000,0 days 01:02:37.048000,986.8655555555556,1.0,OnTrack,-6548,5781,83,pos,0 days 00:00:20.309000,0 days 01:02:37.172000,1.0,4
2023-04-02 05:03:39.110,11150,257,6,0,True,1,car,0 days 00:00:20.425000,0 days 01:02:37.288000,1003.998888888889,1.0,OnTrack,-6548,5781,83,pos,0 days 00:00:20.309000,0 days 01:02:37.172000,1.0,4
2023-04-02 05:03:39.270,11710,242,6,0,True,1,car,0 days 00:00:20.585000,0 days 01:02:37.448000,1014.7544444444446,1.0,OnTrack,-6642,5920,82,pos,0 days 00:00:20.549000,0 days 01:02:37.412000,1.0,4
2023-04-02 05:03:39.470,12270,234,6,0,False,1,car,0 days 00:00:20.785000,0 days 01:02:37.648000,1027.7544444444443,1.0,OnTrack,-6730,6051,82,pos,0 days 00:00:20.789000,0 days 01:02:37.652000,1.0,4
2023-04-02 05:03:39.750,11827,230,5,0,True,1,car,0 days 00:00:21.065000,0 days 01:02:37.928000,1045.6433333333334,1.0,OnTrack,-6829,6201,84,pos,0 days 00:00:21.069000,0 days 01:02:37.932000,1.0,4
2023-04-02 05:03:39.909,11275,221,5,0,True,1,car,0 days 00:00:21.224000,0 days 01:02:38.087000,1055.4041666666667,1.0,OnTrack,-6929,6353,84,pos,0 days 00:00:21.249000,0 days 01:02:38.112000,1.0,4
2023-04-02 05:03:40.149,10114,203,5,0,True,1,car,0 days 00:00:21.464000,0 days 01:02:38.327000,1068.9375,1.0,OnTrack,-7013,6481,86,pos,0 days 00:00:21.649000,0 days 01:02:38.512000,1.0,4
2023-04-02 05:03:40.309,9702,197,5,0,True,1,car,0 days 00:00:21.624000,0 days 01:02:38.487000,1077.6930555555557,1.0,OnTrack,-7013,6481,86,pos,0 days 00:00:21.649000,0 days 01:02:38.512000,1.0,4
2023-04-02 05:03:40.589,10031,166,5,0,True,1,car,0 days 00:00:21.904000,0 days 01:02:38.767000,1090.6041666666667,1.0,OnTrack,-7093,6611,89,pos,0 days 00:00:21.969000,0 days 01:02:38.832000,1.0,4
2023-04-02 05:03:40.869,9621,144,4,0,True,1,car,0 days 00:00:22.184000,0 days 01:02:39.047000,1101.8041666666668,1.0,OnTrack,-7155,6729,87,pos,0 days 00:00:22.229000,0 days 01:02:39.092000,1.0,4
2023-04-02 05:03:41.269,8342,122,3,1,True,1,car,0 days 00:00:22.584000,0 days 01:02:39.447000,1115.3597222222222,1.0,OnTrack,-7204,6897,87,pos,0 days 00:00:22.750000,0 days 01:02:39.613000,1.0,4
2023-04-02 05:03:41.469,8168,114,3,1,True,1,car,0 days 00:00:22.784000,0 days 01:02:39.647000,1121.6930555555557,1.0,OnTrack,-7204,6897,87,pos,0 days 00:00:22.750000,0 days 01:02:39.613000,1.0,4
2023-04-02 05:03:41.750,6830,107,2,13,False,1,car,0 days 00:00:23.065000,0 days 01:02:39.928000,1130.045,1.0,OnTrack,-7210,6990,87,pos,0 days 00:00:23.170000,0 days 01:02:40.033000,1.0,0
2023-04-02 05:03:42.030,7730,95,2,20,False,1,car,0 days 00:00:23.345000,0 days 01:02:40.208000,1137.433888888889,1.0,OnTrack,-7210,6990,87,pos,0 days 00:00:23.170000,0 days 01:02:40.033000,1.0,4
2023-04-02 05:03:42.350,6998,85,2,9,True,1,car,0 days 00:00:23.665000,0 days 01:02:40.528000,1144.9894444444446,1.0,OnTrack,-7189,7114,86,pos,0 days 00:00:23.750000,0 days 01:02:40.613000,1.0,0
2023-04-02 05:03:42.590,5598,51,2,0,True,1,car,0 days 00:00:23.905000,0 days 01:02:40.768000,1148.3894444444447,1.0,OnTrack,-7177,7145,87,pos,0 days 00:00:23.950000,0 days 01:02:40.813000,1.0,0
2023-04-02 05:03:42.870,4587,5,2,0,True,1,car,0 days 00:00:24.185000,0 days 01:02:41.048000,1148.7783333333336,1.0,OnTrack,-7167,7160,87,pos,0 days 00:00:24.190000,0 days 01:02:41.053000,1.0,0
2023-04-02 05:03:43.030,3557,0,2,0,True,1,car,0 days 00:00:24.345000,0 days 01:02:41.208000,1148.7783333333336,1.0,OnTrack,-7167,7160,87,pos,0 days 00:00:24.190000,0 days 01:02:41.053000,1.0,0
2023-04-02 05:03:43.350,3697,0,2,0,True,1,car,0 days 00:00:24.665000,0 days 01:02:41.528000,1148.7783333333336,1.0,OnTrack,-7167,7161,87,pos,0 days 00:00:24.710000,0 days 01:02:41.573000,1.0,0
2023-04-02 05:03:43.590,3445,4,2,14,True,1,car,0 days 00:00:24.905000,0 days 01:02:41.768000,1149.0450000000003,1.0,OnTrack,-7166,7161,87,pos,0 days 00:00:24.870000,0 days 01:02:41.733000,1.0,0
2023-04-02 05:03:43.870,5043,4,2,1,True,1,car,0 days 00:00:25.185000,0 days 01:02:42.048000,1149.3561111111114,1.0,OnTrack,-7162,7168,87,pos,0 days 00:00:25.230000,0 days 01:02:42.093000,1.0,0
2023-04-02 05:03:44.230,4113,4,2,3,True,1,car,0 days 00:00:25.545000,0 days 01:02:42.408000,1149.7561111111115,1.0,OnTrack,-7162,7169,87,pos,0 days 00:00:25.470000,0 days 01:02:42.333000,1.0,0
2023-04-02 05:03:44.510,3666,6,2,0,True,1,car,0 days 00:00:25.825000,0 days 01:02:42.688000,1150.2227777777782,1.0,OnTrack,-7160,7172,87,pos,0 days 00:00:25.810000,0 days 01:02:42.673000,1.0,0
2023-04-02 05:03:44.750,3837,0,2,0,True,1,car,0 days 00:00:26.065000,0 days 01:02:42.928000,1150.2227777777782,1.0,OnTrack,-7160,7172,87,pos,0 days 00:00:25.810000,0 days 01:02:42.673000,1.0,0
2023-04-02 05:03:45.110,3778,0,2,7,True,1,car,0 days 00:00:26.425000,0 days 01:02:43.288000,1150.2227777777782,1.0,OnTrack,-7160,7172,87,pos,0 days 00:00:26.709000,0 days 01:02:43.572000,1.0,0
2023-04-02 05:03:45.430,5458,0,2,30,False,1,car,0 days 00:00:26.745000,0 days 01:02:43.608000,1150.2227777777782,1.0,OnTrack,-7160,7172,87,pos,0 days 00:00:26.709000,0 days 01:02:43.572000,1.0,0
2023-04-02 05:03:45.670,5500,3,2,39,False,1,car,0 days 00:00:26.985000,0 days 01:02:43.848000,1150.4227777777785,1.0,OnTrack,-7158,7175,87,pos,0 days 00:00:27.069000,0 days 01:02:43.932000,1.0,0
2023-04-02 05:03:45.830,6620,2,2,28,False,1,car,0 days 00:00:27.145000,0 days 01:02:44.008000,1150.5116666666672,1.0,OnTrack,-7158,7175,87,pos,0 days 00:00:27.069000,0 days 01:02:43.932000,1.0,0
2023-04-02 05:03:46.070,8300,0,2,17,False,1,car,0 days 00:00:27.385000,0 days 01:02:44.248000,1150.5116666666672,1.0,OnTrack,-7158,7175,87,pos,0 days 00:00:27.429000,0 days 01:02:44.292000,1.0,4
2023-04-02 05:03:46.310,9160,0,2,0,False,1,car,0 days 00:00:27.625000,0 days 01:02:44.488000,1150.5116666666672,1.0,OnTrack,-7158,7175,87,pos,0 days 00:00:27.609000,0 days 01:02:44.472000,1.0,4
2023-04-02 05:03:46.550,9262,0,2,26,False,1,car,0 days 00:00:27.865000,0 days 01:02:44.728000,1150.5116666666672,1.0,OnTrack,-7156,7179,87,pos,0 days 00:00:27.889000,0 days 01:02:44.752000,1.0,4
2023-04-02 05:03:46.949,8622,24,2,0,False,1,car,0 days 00:00:28.264000,0 days 01:02:45.127000,1153.1716666666673,1.0,OnTrack,-7146,7193,88,pos,0 days 00:00:28.309000,0 days 01:02:45.172000,1.0,4
2023-04-02 05:03:47.389,7993,58,2,0,False,1,car,0 days 00:00:28.704000,0 days 01:02:45.567000,1160.2605555555565,1.0,OnTrack,-7124,7220,88,pos,0 days 00:00:28.529000,0 days 01:02:45.392000,1.0,4
2023-04-02 05:03:47.789,6450,70,2,0,False,1,car,0 days 00:00:29.104000,0 days 01:02:45.967000,1168.038333333334,1.0,OnTrack,-7032,7283,89,pos,0 days 00:00:29.229000,0 days 01:02:46.092000,1.0,0
2023-04-02 05:03:47.949,5754,70,2,0,False,1,car,0 days 00:00:29.264000,0 days 01:02:46.127000,1171.1494444444452,1.0,OnTrack,-7032,7283,89,pos,0 days 00:00:29.229000,0 days 01:02:46.092000,1.0,0
2023-04-02 05:03:48.189,5436,53,2,0,False,1,car,0 days 00:00:29.504000,0 days 01:02:46.367000,1174.6827777777785,1.0,OnTrack,-6978,7301,89,pos,0 days 00:00:29.550000,0 days 01:02:46.413000,1.0,0
2023-04-02 05:03:48.430,4297,50,2,0,False,1,car,0 days 00:00:29.745000,0 days 01:02:46.608000,1178.0300000000009,1.0,OnTrack,-6956,7306,89,pos,0 days 00:00:29.710000,0 days 01:02:46.573000,1.0,0
2023-04-02 05:03:48.670,3852,45,2,0,False,1,car,0 days 00:00:29.985000,0 days 01:02:46.848000,1181.0300000000009,1.0,OnTrack,-6939,7310,89,pos,0 days 00:00:29.870000,0 days 01:02:46.733000,1.0,0
2023-04-02 05:03:48.830,3554,43,2,0,False,1,car,0 days 00:00:30.145000,0 days 01:02:47.008000,1182.9411111111117,1.0,OnTrack,-6908,7316,89,pos,0 days 00:00:30.130000,0 days 01:02:46.993000,1.0,0
2023-04-02 05:03:49.270,3750,42,2,0,False,1,car,0 days 00:00:30.585000,0 days 01:02:47.448000,1188.0744444444451,1.0,OnTrack,-6867,7323,88,pos,0 days 00:00:30.490000,0 days 01:02:47.353000,1.0,0
2023-04-02 05:03:49.670,3576,42,2,0,False,1,car,0 days 00:00:30.985000,0 days 01:02:47.848000,1192.741111111112,1.0,OnTrack,-6821,7330,88,pos,0 days 00:00:30.890000,0 days 01:02:47.753000,1.0,0
2023-04-02 05:03:49.830,3607,41,2,0,False,1,car,0 days 00:00:31.145000,0 days 01:02:48.008000,1194.5633333333342,1.0,OnTrack,-6794,7334,88,pos,0 days 00:00:31.130000,0 days 01:02:47.993000,1.0,0
2023-04-02 05:03:50.150,4247,41,2,0,False,1,car,0 days 00:00:31.465000,0 days 01:02:48.328000,1198.2077777777786,1.0,OnTrack,-6756,7340,88,pos,0 days 00:00:31.470000,0 days 01:02:48.333000,1.0,0
2023-04-02 05:03:50.350,3926,34,1,0,False,1,car,0 days 00:00:31.665000,0 days 01:02:48.528000,1200.0966666666675,1.0,OnTrack,-6727,7344,87,pos,0 days 00:00:31.770000,0 days 01:02:48.633000,1.0,0
2023-04-02 05:03:50.510,3764,31,1,0,False,1,car,0 days 00:00:31.825000,0 days 01:02:48.688000,1201.4744444444452,1.0,OnTrack,-6718,7345,87,pos,0 days 00:00:31.870000,0 days 01:02:48.733000,1.0,0
2023-04-02 05:03:50.790,4224,31,1,0,False,1,car,0 days 00:00:32.105000,0 days 01:02:48.968000,1203.8855555555565,1.0,OnTrack,-6687,7349,87,pos,0 days 00:00:32.230000,0 days 01:02:49.093000,1.0,0
2023-04-02 05:03:50.990,4220,31,0,0,False,1,car,0 days 00:00:32.305000,0 days 01:02:49.168000,1205.6077777777784,1.0,OnTrack,-6687,7349,87,pos,0 days 00:00:32.230000,0 days 01:02:49.093000,1.0,0
2023-04-02 05:03:51.190,4190,27,0,0,False,1,car,0 days 00:00:32.505000,0 days 01:02:49.368000,1207.1077777777784,1.0,OnTrack,-6664,7352,87,pos,0 days 00:00:32.390000,0 days 01:02:49.253000,1.0,0
2023-04-02 05:03:51.550,4046,20,0,0,False,1,car,0 days 00:00:32.865000,0 days 01:02:49.728000,1209.1077777777784,1.0,OnTrack,-6646,7354,87,pos,0 days 00:00:32.809000,0 days 01:02:49.672000,1.0,0
2023-04-02 05:03:51.870,4125,15,0,0,False,1,car,0 days 00:00:33.185000,0 days 01:02:50.048000,1210.4411111111117,1.0,OnTrack,-6631,7355,87,pos,0 days 00:00:33.129000,0 days 01:02:49.992000,1.0,0
2023-04-02 05:03:52.190,4086,10,0,0,False,1,car,0 days 00:00:33.505000,0 days 01:02:50.368000,1211.3300000000006,1.0,OnTrack,-6613,7357,87,pos,0 days 00:00:33.669000,0 days 01:02:50.532000,1.0,0
2023-04-02 05:03:52.350,4094,10,0,0,False,1,car,0 days 00:00:33.665000,0 days 01:02:50.528000,1211.774444444445,1.0,OnTrack,-6613,7357,87,pos,0 days 00:00:33.669000,0 days 01:02:50.532000,1.0,0
2023-04-02 05:03:52.590,3994,6,0,0,False,1,car,0 days 00:00:33.905000,0 days 01:02:50.768000,1212.174444444445,1.0,OnTrack,-6609,7357,87,pos,0 days 00:00:33.869000,0 days 01:02:50.732000,1.0,0
2023-04-02 05:03:52.910,4075,3,0,0,False,1,car,0 days 00:00:34.225000,0 days 01:02:51.088000,1212.4411111111117,1.0,OnTrack,-6605,7358,87,pos,0 days 00:00:34.349000,0 days 01:02:51.212000,1.0,0
2023-04-02 05:03:53.110,4123,0,0,0,False,1,car,0 days 00:00:34.425000,0 days 01:02:51.288000,1212.4411111111117,1.0,OnTrack,-6605,7358,87,pos,0 days 00:00:34.349000,0 days 01:02:51.212000,1.0,0
2023-04-02 05:03:53.470,4059,0,0,0,False,1,car,0 days 00:00:34.785000,0 days 01:02:51.648000,1212.4411111111117,1.0,OnTrack,-6605,7358,87,pos,0 days 00:00:34.949000,0 days 01:02:51.812000,1.0,0
2023-04-02 05:03:53.789,4060,0,0,0,False,1,car,0 days 00:00:35.104000,0 days 01:02:51.967000,1212.4411111111117,1.0,OnTrack,-6605,7358,87,pos,0 days 00:00:34.949000,0 days 01:02:51.812000,1.0,0
2023-04-02 05:03:53.949,4096,0,0,0,False,1,car,0 days 00:00:35.264000,0 days 01:02:52.127000,1212.4411111111117,1.0,OnTrack,-6605,7358,87,pos,0 days 00:00:35.269000,0 days 01:02:52.132000,1.0,0
2023-04-02 05:03:54.149,4017,0,0,0,False,1,car,0 days 00:00:35.464000,0 days 01:02:52.327000,1212.4411111111117,1.0,OnTrack,-6605,7358,87,pos,0 days 00:00:35.449000,0 days 01:02:52.312000,1.0,0
2023-04-02 05:03:54.509,3955,0,0,0,False,1,car,0 days 00:00:35.824000,0 days 01:02:52.687000,1212.4411111111117,1.0,OnTrack,-6605,7358,87,pos,0 days 00:00:35.930000,0 days 01:02:52.793000,1.0,0
2023-04-02 05:03:54.669,4044,0,0,0,False,1,car,0 days 00:00:35.984000,0 days 01:02:52.847000,1212.4411111111117,1.0,OnTrack,-6605,7358,87,pos,0 days 00:00:35.930000,0 days 01:02:52.793000,1.0,0
2023-04-02 05:03:54.830,4028,0,0,0,False,1,car,0 days 00:00:36.145000,0 days 01:02:53.008000,1212.4411111111117,1.0,OnTrack,-6605,7358,87,pos,0 days 00:00:36.290000,0 days 01:02:53.153000,1.0,0
2023-04-02 05:03:55.110,3970,0,0,0,False,1,car,0 days 00:00:36.425000,0 days 01:02:53.288000,1212.4411111111117,1.0,OnTrack,-6605,7358,87,pos,0 days 00:00:36.290000,0 days 01:02:53.153000,1.0,0
2023-04-02 05:03:55.310,4072,0,0,0,False,1,car,0 days 00:00:36.625000,0 days 01:02:53.488000,1212.4411111111117,1.0,OnTrack,-6605,7358,87,pos,0 days 00:00:36.670000,0 days 01:02:53.533000,1.0,0
2023-04-02 05:03:55.710,4022,0,0,0,False,1,car,0 days 00:00:37.025000,0 days 01:02:53.888000,1212.4411111111117,1.0,OnTrack,-6605,7358,87,pos,0 days 00:00:37.070000,0 days 01:02:53.933000,1.0,0
2023-04-02 05:03:55.950,4038,0,0,0,False,1,car,0 days 00:00:37.265000,0 days 01:02:54.128000,1212.4411111111117,1.0,OnTrack,-6605,7358,87,pos,0 days 00:00:37.290000,0 days 01:02:54.153000,1.0,0
2023-04-02 05:03:56.110,3990,0,0,0,False,1,car,0 days 00:00:37.425000,0 days 01:02:54.288000,1212.4411111111117,1.0,OnTrack,-6605,7358,87,pos,0 days 00:00:37.510000,0 days 01:02:54.373000,1.0,0
2023-04-02 05:03:56.310,3968,0,0,0,False,1,car,0 days 00:00:37.625000,0 days 01:02:54.488000,1212.4411111111117,1.0,OnTrack,-6605,7358,87,pos,0 days 00:00:37.510000,0 days 01:02:54.373000,1.0,0
2023-04-02 05:03:56.710,4066,0,0,0,False,1,car,0 days 00:00:38.025000,0 days 01:02:54.888000,1212.4411111111117,1.0,OnTrack,-6605,7358,87,pos,0 days 00:00:38.150000,0 days 01:02:55.013000,1.0,0
2023-04-02 05:03:56.870,4089,0,0,0,False,1,car,0 days 00:00:38.185000,0 days 01:02:55.048000,1212.4411111111117,1.0,OnTrack,-6605,7358,87,pos,0 days 00:00:38.150000,0 days 01:02:55.013000,1.0,0
2023-04-02 05:03:57.190,4035,0,0,0,False,1,car,0 days 00:00:38.505000,0 days 01:02:55.368000,1212.4411111111117,1.0,OnTrack,-6605,7358,87,pos,0 days 00:00:38.470000,0 days 01:02:55.333000,1.0,0
2023-04-02 05:03:57.630,3999,0,0,0,False,1,car,0 days 00:00:38.945000,0 days 01:02:55.808000,1212.4411111111117,1.0,OnTrack,-6605,7358,87,pos,0 days 00:00:39.110000,0 days 01:02:55.973000,1.0,0
2023-04-02 05:03:57.790,4107,0,0,0,False,1,car,0 days 00:00:39.105000,0 days 01:02:55.968000,1212.4411111111117,1.0,OnTrack,-6605,7358,87,pos,0 days 00:00:39.110000,0 days 01:02:55.973000,1.0,0
2023-04-02 05:03:57.950,3993,0,0,0,False,1,car,0 days 00:00:39.265000,0 days 01:02:56.128000,1212.4411111111117,1.0,OnTrack,-6605,7358,87,pos,0 days 00:00:39.110000,0 days 01:02:55.973000,1.0,0
2023-04-02 05:03:58.150,4010,0,0,0,True,1,car,0 days 00:00:39.465000,0 days 01:02:56.328000,1212.4411111111117,1.0,OnTrack,-6605,7358,87,pos,0 days 00:00:39.489000,0 days 01:02:56.352000,1.0,0
2023-04-02 05:03:58.510,3991,0,0,0,False,1,car,0 days 00:00:39.825000,0 days 01:02:56.688000,1212.4411111111117,1.0,OnTrack,-6605,7358,87,pos,0 days 00:00:39.769000,0 days 01:02:56.632000,1.0,0
2023-04-02 05:03:58.790,4004,0,0,0,False,1,car,0 days 00:00:40.105000,0 days 01:02:56.968000,1212.4411111111117,1.0,OnTrack,-6605,7358,87,pos,0 days 00:00:40.069000,0 days 01:02:56.932000,1.0,0
2023-04-02 05:03:59.030,4020,0,0,0,False,1,car,0 days 00:00:40.345000,0 days 01:02:57.208000,1212.4411111111117,1.0,OnTrack,-6605,7358,87,pos,0 days 00:00:40.309000,0 days 01:02:57.172000,1.0,0
2023-04-02 05:03:59.230,4045,0,0,0,False,1,car,0 days 00:00:40.545000,0 days 01:02:57.408000,1212.4411111111117,1.0,OnTrack,-6605,7358,87,pos,0 days 00:00:40.729000,0 days 01:02:57.592000,1.0,0
2023-04-02 05:03:59.550,3974,0,0,0,False,1,car,0 days 00:00:40.865000,0 days 01:02:57.728000,1212.4411111111117,1.0,OnTrack,-6605,7358,87,pos,0 days 00:00:40.869000,0 days 01:02:57.732000,1.0,0
2023-04-02 05:03:59.750,3974,0,0,0,False,1,car,0 days 00:00:41.065000,0 days 01:02:57.928000,1212.4411111111117,1.0,OnTrack,-6605,7358,87,pos,0 days 00:00:41.089000,0 days 01:02:57.952000,1.0,0
2023-04-02 05:04:00.110,3398,0,1,0,False,1,car,0 days 00:00:41.425000,0 days 01:02:58.288000,1212.4411111111117,1.0,OnTrack,-6605,7358,87,pos,0 days 00:00:41.529000,0 days 01:02:58.392000,1.0,0
2023-04-02 05:04:00.270,3542,0,3,0,False,1,car,0 days 00:00:41.585000,0 days 01:02:58.448000,1212.4411111111117,1.0,OnTrack,-6605,7358,87,pos,0 days 00:00:41.529000,0 days 01:02:58.392000,1.0,0
2023-04-02 05:04:00.509,4463,0,5,12,False,1,car,0 days 00:00:41.824000,0 days 01:02:58.687000,1212.4411111111117,1.0,OnTrack,-6605,7358,87,pos,0 days 00:00:41.869000,0 days 01:02:58.732000,1.0,0
2023-04-02 05:04:00.669,4247,0,7,15,False,1,car,0 days 00:00:41.984000,0 days 01:02:58.847000,1212.4411111111117,1.0,OnTrack,-6605,7358,87,pos,0 days 00:00:41.869000,0 days 01:02:58.732000,1.0,0
2023-04-02 05:04:00.949,3416,0,10,20,False,1,car,0 days 00:00:42.264000,0 days 01:02:59.127000,1212.4411111111117,1.0,OnTrack,-6605,7358,87,pos,0 days 00:00:42.189000,0 days 01:02:59.052000,1.0,0
2023-04-02 05:04:01.109,3123,0,11,22,False,1,car,0 days 00:00:42.424000,0 days 01:02:59.287000,1212.4411111111117,1.0,OnTrack,-6605,7358,87,pos,0 days 00:00:42.430000,0 days 01:02:59.293000,1.0,0
2023-04-02 05:04:01.349,3973,0,14,0,False,1,car,0 days 00:00:42.664000,0 days 01:02:59.527000,1212.4411111111117,1.0,OnTrack,-6605,7358,87,pos,0 days 00:00:42.630000,0 days 01:02:59.493000,1.0,0
2023-04-02 05:04:01.590,4336,2,16,0,True,1,car,0 days 00:00:42.905000,0 days 01:02:59.768000,1212.5750000000005,1.0,OnTrack,-6605,7358,87,pos,0 days 00:00:42.810000,0 days 01:02:59.673000,1.0,0
2023-04-02 05:04:01.950,4293,0,18,0,True,1,car,0 days 00:00:43.265000,0 days 01:03:00.128000,1212.5750000000005,1.0,OnTrack,-6600,7358,86,pos,0 days 00:00:43.170000,0 days 01:03:00.033000,1.0,0
2023-04-02 05:04:02.270,4146,0,15,0,True,1,car,0 days 00:00:43.585000,0 days 01:03:00.448000,1212.5750000000005,1.0,OnTrack,-6600,7358,86,pos,0 days 00:00:43.530000,0 days 01:03:00.393000,1.0,0
2023-04-02 05:04:02.430,4288,0,13,0,True,1,car,0 days 00:00:43.745000,0 days 01:03:00.608000,1212.5750000000005,1.0,OnTrack,-6600,7358,86,pos,0 days 00:00:43.890000,0 days 01:03:00.753000,1.0,0
2023-04-02 05:04:02.630,4248,0,11,0,True,1,car,0 days 00:00:43.945000,0 days 01:03:00.808000,1212.5750000000005,1.0,OnTrack,-6600,7358,86,pos,0 days 00:00:43.930000,0 days 01:03:00.793000,1.0,0
2023-04-02 05:04:02.910,4155,0,9,0,False,1,car,0 days 00:00:44.225000,0 days 01:03:01.088000,1212.5750000000005,1.0,OnTrack,-6600,7358,86,pos,0 days 00:00:44.290000,0 days 01:03:01.153000,1.0,0
2023-04-02 05:04:03.110,4265,0,7,0,False,1,car,0 days 00:00:44.425000,0 days 01:03:01.288000,1212.5750000000005,1.0,OnTrack,-6600,7358,86,pos,0 days 00:00:44.290000,0 days 01:03:01.153000,1.0,0
2023-04-02 05:04:03.430,4225,0,3,0,False,1,car,0 days 00:00:44.745000,0 days 01:03:01.608000,1212.5750000000005,1.0,OnTrack,-6600,7358,86,pos,0 days 00:00:44.790000,0 days 01:03:01.653000,1.0,0
2023-04-02 05:04:03.750,4152,0,0,0,False,1,car,0 days 00:00:45.065000,0 days 01:03:01.928000,1212.5750000000005,1.0,OnTrack,-6600,7358,86,pos,0 days 00:00:45.090000,0 days 01:03:01.953000,1.0,0
2023-04-02 05:04:03.990,4216,0,0,0,False,1,car,0 days 00:00:45.305000,0 days 01:03:02.168000,1212.5750000000005,1.0,OnTrack,-6600,7358,86,pos,0 days 00:00:45.310000,0 days 01:03:02.173000,1.0,0
2023-04-02 05:04:04.230,4155,0,0,0,False,1,car,0 days 00:00:45.545000,0 days 01:03:02.408000,1212.5750000000005,1.0,OnTrack,-6600,7358,86,pos,0 days 00:00:45.650000,0 days 01:03:02.513000,1.0,0
2023-04-02 05:04:04.470,4103,0,0,0,False,1,car,0 days 00:00:45.785000,0 days 01:03:02.648000,1212.5750000000005,1.0,OnTrack,-6600,7358,86,pos,0 days 00:00:45.869000,0 days 01:03:02.732000,1.0,0
2023-04-02 05:04:04.750,3679,0,0,0,False,1,car,0 days 00:00:46.065000,0 days 01:03:02.928000,1212.5750000000005,1.0,OnTrack,-6600,7358,86,pos,0 days 00:00:46.029000,0 days 01:03:02.892000,1.0,0
2023-04-02 05:04:04.950,2495,0,0,0,False,1,car,0 days 00:00:46.265000,0 days 01:03:03.128000,1212.5750000000005,1.0,OnTrack,-6600,7358,86,pos,0 days 00:00:46.309000,0 days 01:03:03.172000,1.0,0
2023-04-02 05:04:05.110,1375,0,0,0,False,1,car,0 days 00:00:46.425000,0 days 01:03:03.288000,1212.5750000000005,1.0,OnTrack,-6600,7358,86,pos,0 days 00:00:46.529000,0 days 01:03:03.392000,1.0,3
2023-04-02 05:04:05.390,0,0,0,0,False,1,car,0 days 00:00:46.705000,0 days 01:03:03.568000,1212.5750000000005,1.0,OnTrack,-6600,7358,86,pos,0 days 00:00:46.729000,0 days 01:03:03.592000,1.0,3
2023-04-02 05:04:05.830,0,0,0,0,False,1,car,0 days 00:00:47.145000,0 days 01:03:04.008000,1212.5750000000005,1.0,OnTrack,-6600,7358,86,pos,0 days 00:00:47.049000,0 days 01:03:03.912000,1.0,3
2023-04-02 05:04:06.070,0,0,0,0,False,1,car,0 days 00:00:47.385000,0 days 01:03:04.248000,1212.5750000000005,1.0,OnTrack,-6600,7358,86,pos,0 days 00:00:47.329000,0 days 01:03:04.192000,1.0,3
2023-04-02 05:04:06.350,0,0,0,0,False,1,car,0 days 00:00:47.665000,0 days 01:03:04.528000,1212.5750000000005,1.0,OnTrack,-6600,7358,86,pos,0 days 00:00:47.609000,0 days 01:03:04.472000,1.0,3
2023-04-02 05:04:06.630,0,0,0,0,False,1,car,0 days 00:00:47.945000,0 days 01:03:04.808000,1212.5750000000005,1.0,OnTrack,-6600,7358,86,pos,0 days 00:00:47.789000,0 days 01:03:04.652000,1.0,3
2023-04-02 05:04:06.830,0,0,0,0,False,1,car,0 days 00:00:48.145000,0 days 01:03:05.008000,1212.5750000000005,1.0,OnTrack,-6600,7358,86,pos,0 days 00:00:48.129000,0 days 01:03:04.992000,1.0,3
2023-04-02 05:04:07.070,0,0,0,0,False,1,car,0 days 00:00:48.385000,0 days 01:03:05.248000,1212.5750000000005,1.0,OnTrack,-6600,7358,86,pos,0 days 00:00:48.429000,0 days 01:03:05.292000,1.0,3
2023-04-02 05:04:07.269,0,0,0,0,False,1,car,0 days 00:00:48.584000,0 days 01:03:05.447000,1212.5750000000005,1.0,OnTrack,-6600,7358,86,pos,0 days 00:00:48.709000,0 days 01:03:05.572000,1.0,3
2023-04-02 05:04:07.429,0,0,0,0,False,1,car,0 days 00:00:48.744000,0 days 01:03:05.607000,1212.5750000000005,1.0,OnTrack,-6600,7358,86,pos,0 days 00:00:48.709000,0 days 01:03:05.572000,1.0,3
2023-04-02 05:04:07.749,0,0,0,0,False,1,car,0 days 00:00:49.064000,0 days 01:03:05.927000,1212.5750000000005,1.0,OnTrack,-6600,7358,86,pos,0 days 00:00:48.949000,0 days 01:03:05.812000,1.0,3
2023-04-02 05:04:08.070,0,0,0,0,False,1,car,0 days 00:00:49.385000,0 days 01:03:06.248000,1212.5750000000005,1.0,OnTrack,-6600,7358,86,pos,0 days 00:00:49.290000,0 days 01:03:06.153000,1.0,3
2023-04-02 05:04:08.230,0,0,0,0,False,1,car,0 days 00:00:49.545000,0 days 01:03:06.408000,1212.5750000000005,1.0,OnTrack,-6600,7358,86,pos,0 days 00:00:49.690000,0 days 01:03:06.553000,1.0,3
2023-04-02 05:04:08.430,0,0,0,0,False,1,car,0 days 00:00:49.745000,0 days 01:03:06.608000,1212.5750000000005,1.0,OnTrack,-6600,7358,86,pos,0 days 00:00:49.690000,0 days 01:03:06.553000,1.0,3
2023-04-02 05:04:08.670,0,0,0,0,False,1,car,0 days 00:00:49.985000,0 days 01:03:06.848000,1212.5750000000005,1.0,OnTrack,-6600,7358,86,pos,0 days 00:00:50.090000,0 days 01:03:06.953000,1.0,3
2023-04-02 05:04:08.990,0,0,0,0,False,1,car,0 days 00:00:50.305000,0 days 01:03:07.168000,1212.5750000000005,1.0,OnTrack,-6600,7358,86,pos,0 days 00:00:50.330000,0 days 01:03:07.193000,1.0,3
2023-04-02 05:04:09.190,0,0,0,0,False,1,car,0 days 00:00:50.505000,0 days 01:03:07.368000,1212.5750000000005,1.0,OnTrack,-6600,7358,86,pos,0 days 00:00:50.330000,0 days 01:03:07.193000,1.0,3
2023-04-02 05:04:09.430,0,0,0,0,False,1,car,0 days 00:00:50.745000,0 days 01:03:07.608000,1212.5750000000005,1.0,OnTrack,-6600,7358,86,pos,0 days 00:00:50.690000,0 days 01:03:07.553000,1.0,3
2023-04-02 05:04:09.670,0,0,0,0,False,1,car,0 days 00:00:50.985000,0 days 01:03:07.848000,1212.5750000000005,1.0,OnTrack,-6600,7358,86,pos,0 days 00:00:50.870000,0 days 01:03:07.733000,1.0,3
2023-04-02 05:04:10.030,0,0,0,0,False,1,car,0 days 00:00:51.345000,0 days 01:03:08.208000,1212.5750000000005,1.0,OnTrack,-6600,7358,86,pos,0 days 00:00:51.410000,0 days 01:03:08.273000,1.0,3
2023-04-02 05:04:10.270,0,0,0,0,False,1,car,0 days 00:00:51.585000,0 days 01:03:08.448000,1212.5750000000005,1.0,OnTrack,-6600,7358,86,pos,0 days 00:00:51.410000,0 days 01:03:08.273000,1.0,3
2023-04-02 05:04:10.550,0,0,0,0,False,1,car,0 days 00:00:51.865000,0 days 01:03:08.728000,1212.5750000000005,1.0,OnTrack,-6600,7358,86,pos,0 days 00:00:51.810000,0 days 01:03:08.673000,1.0,3
2023-04-02 05:04:10.750,0,0,0,0,False,1,car,0 days 00:00:52.065000,0 days 01:03:08.928000,1212.5750000000005,1.0,OnTrack,-6600,7358,86,pos,0 days 00:00:52.210000,0 days 01:03:09.073000,1.0,3
2023-04-02 05:04:11.110,0,0,0,0,False,1,car,0 days 00:00:52.425000,0 days 01:03:09.288000,1212.5750000000005,1.0,OnTrack,-6600,7358,86,pos,0 days 00:00:52.329000,0 days 01:03:09.192000,1.0,3
2023-04-02 05:04:11.390,0,0,0,0,False,1,car,0 days 00:00:52.705000,0 days 01:03:09.568000,1212.5750000000005,1.0,OnTrack,-6600,7358,86,pos,0 days 00:00:52.649000,0 days 01:03:09.512000,1.0,3
2023-04-02 05:04:11.750,0,0,0,0,False,1,car,0 days 00:00:53.065000,0 days 01:03:09.928000,1212.5750000000005,1.0,OnTrack,-6600,7358,86,pos,0 days 00:00:53.009000,0 days 01:03:09.872000,1.0,3
2023-04-02 05:04:11.950,0,0,0,0,False,1,car,0 days 00:00:53.265000,0 days 01:03:10.128000,1212.5750000000005,1.0,OnTrack,-6600,7358,86,pos,0 days 00:00:53.269000,0 days 01:03:10.132000,1.0,3
2023-04-02 05:04:12.150,0,0,0,0,False,1,car,0 days 00:00:53.465000,0 days 01:03:10.328000,1212.5750000000005,1.0,OnTrack,-6600,7358,86,pos,0 days 00:00:53.469000,0 days 01:03:10.332000,1.0,3
2023-04-02 05:04:12.470,0,0,0,0,False,1,car,0 days 00:00:53.785000,0 days 01:03:10.648000,1212.5750000000005,1.0,OnTrack,-6600,7358,86,pos,0 days 00:00:53.689000,0 days 01:03:10.552000,1.0,3
2023-04-02 05:04:12.630,0,0,0,0,False,1,car,0 days 00:00:53.945000,0 days 01:03:10.808000,1212.5750000000005,1.0,OnTrack,-6600,7358,86,pos,0 days 00:00:54.029000,0 days 01:03:10.892000,1.0,3
2023-04-02 05:04:12.830,0,0,0,0,False,1,car,0 days 00:00:54.145000,0 days 01:03:11.008000,1212.5750000000005,1.0,OnTrack,-6600,7358,86,pos,0 days 00:00:54.189000,0 days 01:03:11.052000,1.0,3
2023-04-02 05:04:13.030,0,0,0,0,False,1,car,0 days 00:00:54.345000,0 days 01:03:11.208000,1212.5750000000005,1.0,OnTrack,-6600,7358,86,pos,0 days 00:00:54.469000,0 days 01:03:11.332000,1.0,3
2023-04-02 05:04:13.230,0,0,0,0,False,1,car,0 days 00:00:54.545000,0 days 01:03:11.408000,1212.5750000000005,1.0,OnTrack,-6600,7358,86,pos,0 days 00:00:54.469000,0 days 01:03:11.332000,1.0,3
2023-04-02 05:04:13.590,0,0,0,0,False,1,car,0 days 00:00:54.905000,0 days 01:03:11.768000,1212.5750000000005,1.0,OnTrack,-6600,7358,86,pos,0 days 00:00:54.909000,0 days 01:03:11.772000,1.0,3
2023-04-02 05:04:13.870,0,0,0,0,False,1,car,0 days 00:00:55.185000,0 days 01:03:12.048000,1212.5750000000005,1.0,OnTrack,-6600,7358,86,pos,0 days 00:00:55.209000,0 days 01:03:12.072000,1.0,3
2023-04-02 05:04:14.109,0,0,0,0,False,1,car,0 days 00:00:55.424000,0 days 01:03:12.287000,1212.5750000000005,1.0,OnTrack,-6600,7358,86,pos,0 days 00:00:55.570000,0 days 01:03:12.433000,1.0,3
2023-04-02 05:04:14.309,0,0,0,0,False,1,car,0 days 00:00:55.624000,0 days 01:03:12.487000,1212.5750000000005,1.0,OnTrack,-6600,7358,86,pos,0 days 00:00:55.570000,0 days 01:03:12.433000,1.0,3
2023-04-02 05:04:14.630,0,0,0,0,False,1,car,0 days 00:00:55.945000,0 days 01:03:12.808000,1212.5750000000005,1.0,OnTrack,-6600,7358,86,pos,0 days 00:00:56.010000,0 days 01:03:12.873000,1.0,3
2023-04-02 05:04:14.990,0,0,0,0,False,1,car,0 days 00:00:56.305000,0 days 01:03:13.168000,1212.5750000000005,1.0,OnTrack,-6600,7358,86,pos,0 days 00:00:56.370000,0 days 01:03:13.233000,1.0,3
2023-04-02 05:04:15.190,0,0,0,0,False,1,car,0 days 00:00:56.505000,0 days 01:03:13.368000,1212.5750000000005,1.0,OnTrack,-6600,7358,86,pos,0 days 00:00:56.590000,0 days 01:03:13.453000,1.0,3
2023-04-02 05:04:15.390,0,0,0,0,False,1,car,0 days 00:00:56.705000,0 days 01:03:13.568000,1212.5750000000005,1.0,OnTrack,-6600,7358,86,pos,0 days 00:00:56.750000,0 days 01:03:13.613000,1.0,3
2023-04-02 05:04:15.670,0,0,0,0,False,1,car,0 days 00:00:56.985000,0 days 01:03:13.848000,1212.5750000000005,1.0,OnTrack,-6600,7358,86,pos,0 days 00:00:56.950000,0 days 01:03:13.813000,1.0,3
2023-04-02 05:04:15.910,0,0,0,0,False,1,car,0 days 00:00:57.225000,0 days 01:03:14.088000,1212.5750000000005,1.0,OnTrack,-6600,7358,86,pos,0 days 00:00:57.190000,0 days 01:03:14.053000,1.0,3
2023-04-02 05:04:16.150,0,0,0,0,False,1,car,0 days 00:00:57.465000,0 days 01:03:14.328000,1212.5750000000005,1.0,OnTrack,-6600,7358,86,pos,0 days 00:00:57.410000,0 days 01:03:14.273000,1.0,3
2023-04-02 05:04:16.510,0,0,0,0,False,1,car,0 days 00:00:57.825000,0 days 01:03:14.688000,1212.5750000000005,1.0,OnTrack,-6600,7358,86,pos,0 days 00:00:57.670000,0 days 01:03:14.533000,1.0,3
2023-04-02 05:04:16.670,0,0,0,0,False,1,car,0 days 00:00:57.985000,0 days 01:03:14.848000,1212.5750000000005,1.0,OnTrack,-6600,7358,86,pos,0 days 00:00:57.990000,0 days 01:03:14.853000,1.0,3
2023-04-02 05:04:16.830,0,0,0,0,False,1,car,0 days 00:00:58.145000,0 days 01:03:15.008000,1212.5750000000005,1.0,OnTrack,-6600,7358,86,pos,0 days 00:00:58.170000,0 days 01:03:15.033000,1.0,3
2023-04-02 05:04:17.110,0,0,0,0,False,1,car,0 days 00:00:58.425000,0 days 01:03:15.288000,1212.5750000000005,1.0,OnTrack,-6600,7358,86,pos,0 days 00:00:58.390000,0 days 01:03:15.253000,1.0,3
2023-04-02 05:04:17.510,0,0,0,0,False,1,car,0 days 00:00:58.825000,0 days 01:03:15.688000,1212.5750000000005,1.0,OnTrack,-6600,7358,86,pos,0 days 00:00:58.670000,0 days 01:03:15.533000,1.0,3
2023-04-02 05:04:17.670,0,0,0,0,False,1,car,0 days 00:00:58.985000,0 days 01:03:15.848000,1212.5750000000005,1.0,OnTrack,-6600,7358,86,pos,0 days 00:00:59.029000,0 days 01:03:15.892000,1.0,3
2023-04-02 05:04:18.030,0,0,0,0,False,1,car,0 days 00:00:59.345000,0 days 01:03:16.208000,1212.5750000000005,1.0,OnTrack,-6600,7358,86,pos,0 days 00:00:59.489000,0 days 01:03:16.352000,1.0,3
2023-04-02 05:04:18.310,0,0,0,0,False,1,car,0 days 00:00:59.625000,0 days 01:03:16.488000,1212.5750000000005,1.0,OnTrack,-6600,7358,86,pos,0 days 00:00:59.489000,0 days 01:03:16.352000,1.0,3
2023-04-02 05:04:18.590,0,0,0,0,False,1,car,0 days 00:00:59.905000,0 days 01:03:16.768000,1212.5750000000005,1.0,OnTrack,-6600,7358,86,pos,0 days 00:00:59.929000,0 days 01:03:16.792000,1.0,3
2023-04-02 05:04:18.910,0,0,0,0,False,1,car,0 days 00:01:00.225000,0 days 01:03:17.088000,1212.5750000000005,1.0,OnTrack,-6600,7358,86,pos,0 days 00:01:00.249000,0 days 01:03:17.112000,1.0,3
2023-04-02 05:04:19.150,0,0,0,19,False,1,car,0 days 00:01:00.465000,0 days 01:03:17.328000,1212.5750000000005,1.0,OnTrack,-6600,7358,86,pos,0 days 00:01:00.469000,0 days 01:03:17.332000,1.0,3
2023-04-02 05:04:19.350,0,0,0,0,False,1,car,0 days 00:01:00.665000,0 days 01:03:17.528000,1212.5750000000005,1.0,OnTrack,-6600,7358,86,pos,0 days 00:01:00.769000,0 days 01:03:17.632000,1.0,3
2023-04-02 05:04:19.510,0,0,0,0,False,1,car,0 days 00:01:00.825000,0 days 01:03:17.688000,1212.5750000000005,1.0,OnTrack,-6600,7358,86,pos,0 days 00:01:00.769000,0 days 01:03:17.632000,1.0,3
2023-04-02 05:04:19.790,0,0,0,0,False,1,car,0 days 00:01:01.105000,0 days 01:03:17.968000,1212.5750000000005,1.0,OnTrack,-6600,7358,86,pos,0 days 00:01:01.029000,0 days 01:03:17.892000,1.0,3
2023-04-02 05:04:19.990,0,0,0,0,False,1,car,0 days 00:01:01.305000,0 days 01:03:18.168000,1212.5750000000005,1.0,OnTrack,-6600,7358,86,pos,0 days 00:01:01.229000,0 days 01:03:18.092000,1.0,3
2023-04-02 05:04:20.310,0,0,0,0,False,1,car,0 days 00:01:01.625000,0 days 01:03:18.488000,1212.5750000000005,1.0,OnTrack,-6600,7358,86,pos,0 days 00:01:01.509000,0 days 01:03:18.372000,1.0,3
2023-04-02 05:04:20.510,0,0,0,0,False,1,car,0 days 00:01:01.825000,0 days 01:03:18.688000,1212.5750000000005,1.0,OnTrack,-6600,7358,86,pos,0 days 00:01:01.749000,0 days 01:03:18.612000,1.0,3
2023-04-02 05:04:20.750,0,0,0,0,False,1,car,0 days 00:01:02.065000,0 days 01:03:18.928000,1212.5750000000005,1.0,OnTrack,-6600,7358,86,pos,0 days 00:01:01.989000,0 days 01:03:18.852000,1.0,3
2023-04-02 05:04:20.989,0,0,0,0,False,1,car,0 days 00:01:02.304000,0 days 01:03:19.167000,1212.5750000000005,1.0,OnTrack,-6600,7358,86,pos,0 days 00:01:02.190000,0 days 01:03:19.053000,1.0,3
2023-04-02 05:04:21.270,0,0,0,0,False,1,car,0 days 00:01:02.585000,0 days 01:03:19.448000,1212.5750000000005,1.0,OnTrack,-6600,7358,86,pos,0 days 00:01:02.590000,0 days 01:03:19.453000,1.0,3
2023-04-02 05:04:21.430,0,0,0,0,False,1,car,0 days 00:01:02.745000,0 days 01:03:19.608000,1212.5750000000005,1.0,OnTrack,-6600,7358,86,pos,0 days 00:01:02.590000,0 days 01:03:19.453000,1.0,3
2023-04-02 05:04:21.670,0,0,0,0,False,1,car,0 days 00:01:02.985000,0 days 01:03:19.848000,1212.5750000000005,1.0,OnTrack,-6600,7358,86,pos,0 days 00:01:02.990000,0 days 01:03:19.853000,1.0,3
2023-04-02 05:04:21.950,0,0,0,0,False,1,car,0 days 00:01:03.265000,0 days 01:03:20.128000,1212.5750000000005,1.0,OnTrack,-6600,7358,86,pos,0 days 00:01:03.250000,0 days 01:03:20.113000,1.0,3
2023-04-02 05:04:22.110,0,0,0,0,False,1,car,0 days 00:01:03.425000,0 days 01:03:20.288000,1212.5750000000005,1.0,OnTrack,-6600,7358,86,pos,0 days 00:01:03.250000,0 days 01:03:20.113000,1.0,3
2023-04-02 05:04:22.430,0,0,0,0,True,1,car,0 days 00:01:03.745000,0 days 01:03:20.608000,1212.5750000000005,1.0,OnTrack,-6600,7358,86,pos,0 days 00:01:03.670000,0 days 01:03:20.533000,1.0,3
2023-04-02 05:04:22.590,0,0,0,0,True,1,car,0 days 00:01:03.905000,0 days 01:03:20.768000,1212.5750000000005,1.0,OnTrack,-6600,7358,86,pos,0 days 00:01:03.850000,0 days 01:03:20.713000,1.0,3
2023-04-02 05:04:23.030,0,0,0,0,True,1,car,0 days 00:01:04.345000,0 days 01:03:21.208000,1212.5750000000005,1.0,OnTrack,-6600,7358,86,pos,0 days 00:01:04.430000,0 days 01:03:21.293000,1.0,3
2023-04-02 05:04:23.190,0,0,0,0,True,1,car,0 days 00:01:04.505000,0 days 01:03:21.368000,1212.5750000000005,1.0,OnTrack,-6600,7358,86,pos,0 days 00:01:04.570000,0 days 01:03:21.433000,1.0,3
2023-04-02 05:04:23.430,0,0,0,0,True,1,car,0 days 00:01:04.745000,0 days 01:03:21.608000,1212.5750000000005,1.0,OnTrack,-6600,7358,86,pos,0 days 00:01:04.770000,0 days 01:03:21.633000,1.0,3
2023-04-02 05:04:23.870,0,0,0,0,True,1,car,0 days 00:01:05.185000,0 days 01:03:22.048000,1212.5750000000005,1.0,OnTrack,-6600,7358,86,pos,0 days 00:01:04.770000,0 days 01:03:21.633000,1.0,3
2023-04-02 05:04:24.230,0,0,0,0,True,1,car,0 days 00:01:05.545000,0 days 01:03:22.408000,1212.5750000000005,1.0,OnTrack,-6600,7358,86,pos,0 days 00:01:05.809000,0 days 01:03:22.672000,1.0,3
2023-04-02 05:04:24.390,0,0,0,0,True,1,car,0 days 00:01:05.705000,0 days 01:03:22.568000,1212.5750000000005,1.0,OnTrack,-6600,7358,86,pos,0 days 00:01:05.809000,0 days 01:03:22.672000,1.0,3
2023-04-02 05:04:24.550,0,0,0,0,True,1,car,0 days 00:01:05.865000,0 days 01:03:22.728000,1212.5750000000005,1.0,OnTrack,-6600,7358,86,pos,0 days 00:01:05.809000,0 days 01:03:22.672000,1.0,3
2023-04-02 05:04:24.830,0,0,0,0,True,1,car,0 days 00:01:06.145000,0 days 01:03:23.008000,1212.5750000000005,1.0,OnTrack,-6600,7358,86,pos,0 days 00:01:06.269000,0 days 01:03:23.132000,1.0,3
2023-04-02 05:04:25.150,0,0,0,0,True,1,car,0 days 00:01:06.465000,0 days 01:03:23.328000,1212.5750000000005,1.0,OnTrack,-6600,7358,86,pos,0 days 00:01:06.469000,0 days 01:03:23.332000,1.0,3
2023-04-02 05:04:25.390,0,0,0,0,True,1,car,0 days 00:01:06.705000,0 days 01:03:23.568000,1212.5750000000005,1.0,OnTrack,-6600,7358,86,pos,0 days 00:01:06.809000,0 days 01:03:23.672000,1.0,3
2023-04-02 05:04:25.710,0,0,0,0,True,1,car,0 days 00:01:07.025000,0 days 01:03:23.888000,1212.5750000000005,1.0,OnTrack,-6600,7358,86,pos,0 days 00:01:06.989000,0 days 01:03:23.852000,1.0,3
2023-04-02 05:04:26.070,0,0,0,0,True,1,car,0 days 00:01:07.385000,0 days 01:03:24.248000,1212.5750000000005,1.0,OnTrack,-6600,7358,86,pos,0 days 00:01:07.309000,0 days 01:03:24.172000,1.0,3
2023-04-02 05:04:26.270,0,0,0,0,True,1,car,0 days 00:01:07.585000,0 days 01:03:24.448000,1212.5750000000005,1.0,OnTrack,-6600,7358,86,pos,0 days 00:01:07.649000,0 days 01:03:24.512000,1.0,3
2023-04-02 05:04:26.550,0,0,0,0,True,1,car,0 days 00:01:07.865000,0 days 01:03:24.728000,1212.5750000000005,1.0,OnTrack,-6600,7358,86,pos,0 days 00:01:07.889000,0 days 01:03:24.752000,1.0,3
2023-04-02 05:04:26.710,0,0,0,0,True,1,car,0 days 00:01:08.025000,0 days 01:03:24.888000,1212.5750000000005,1.0,OnTrack,-6600,7358,86,pos,0 days 00:01:08.069000,0 days 01:03:24.932000,1.0,3
2023-04-02 05:04:27.510,0,0,0,0,True,1,car,0 days 00:01:08.825000,0 days 01:03:25.688000,1212.5750000000005,1.0,OnTrack,-6600,7358,86,pos,0 days 00:01:08.750000,0 days 01:03:25.613000,1.0,3
2023-04-02 05:04:27.950,0,0,0,0,True,1,car,0 days 00:01:09.265000,0 days 01:03:26.128000,1212.5750000000005,1.0,OnTrack,-6600,7358,86,pos,0 days 00:01:09.310000,0 days 01:03:26.173000,1.0,3
2023-04-02 05:04:28.310,0,0,0,0,True,1,car,0 days 00:01:09.625000,0 days 01:03:26.488000,1212.5750000000005,1.0,OnTrack,-6600,7358,86,pos,0 days 00:01:09.490000,0 days 01:03:26.353000,1.0,3
2023-04-02 05:04:28.470,0,0,0,0,True,1,car,0 days 00:01:09.785000,0 days 01:03:26.648000,1212.5750000000005,1.0,OnTrack,-6600,7358,86,pos,0 days 00:01:09.770000,0 days 01:03:26.633000,1.0,3
2023-04-02 05:04:28.710,0,0,0,0,True,1,car,0 days 00:01:10.025000,0 days 01:03:26.888000,1212.5750000000005,1.0,OnTrack,-6600,7358,86,pos,0 days 00:01:09.970000,0 days 01:03:26.833000,1.0,3
2023-04-02 05:04:28.990,0,0,0,0,True,1,car,0 days 00:01:10.305000,0 days 01:03:27.168000,1212.5750000000005,1.0,OnTrack,-6600,7358,86,pos,0 days 00:01:10.390000,0 days 01:03:27.253000,1.0,3
2023-04-02 05:04:29.310,0,0,0,0,True,1,car,0 days 00:01:10.625000,0 days 01:03:27.488000,1212.5750000000005,1.0,OnTrack,-6600,7358,86,pos,0 days 00:01:10.770000,0 days 01:03:27.633000,1.0,3
2023-04-02 05:04:29.590,0,0,0,0,True,1,car,0 days 00:01:10.905000,0 days 01:03:27.768000,1212.5750000000005,1.0,OnTrack,-6600,7358,86,pos,0 days 00:01:10.970000,0 days 01:03:27.833000,1.0,3
2023-04-02 05:04:29.870,0,0,0,0,True,1,car,0 days 00:01:11.185000,0 days 01:03:28.048000,1212.5750000000005,1.0,OnTrack,-6600,7358,86,pos,0 days 00:01:11.270000,0 days 01:03:28.133000,1.0,3
2023-04-02 05:04:30.230,0,0,0,0,False,1,car,0 days 00:01:11.545000,0 days 01:03:28.408000,1212.5750000000005,1.0,OnTrack,-6600,7358,86,pos,0 days 00:01:11.650000,0 days 01:03:28.513000,1.0,3
2023-04-02 05:04:30.390,0,0,0,0,False,1,car,0 days 00:01:11.705000,0 days 01:03:28.568000,1212.5750000000005,1.0,OnTrack,-6600,7358,86,pos,0 days 00:01:11.650000,0 days 01:03:28.513000,1.0,3
2023-04-02 05:04:30.630,0,0,0,0,False,1,car,0 days 00:01:11.945000,0 days 01:03:28.808000,1212.5750000000005,1.0,OnTrack,-6600,7358,86,pos,0 days 00:01:11.870000,0 days 01:03:28.733000,1.0,3
2023-04-02 05:04:30.830,0,0,0,0,False,1,car,0 days 00:01:12.145000,0 days 01:03:29.008000,1212.5750000000005,1.0,OnTrack,-6600,7358,86,pos,0 days 00:01:12.189000,0 days 01:03:29.052000,1.0,3
2023-04-02 05:04:31.110,0,0,0,0,False,1,car,0 days 00:01:12.425000,0 days 01:03:29.288000,1212.5750000000005,1.0,OnTrack,-6600,7358,86,pos,0 days 00:01:12.369000,0 days 01:03:29.232000,1.0,3
2023-04-02 05:04:31.270,0,0,0,0,False,1,car,0 days 00:01:12.585000,0 days 01:03:29.448000,1212.5750000000005,1.0,OnTrack,-6600,7358,86,pos,0 days 00:01:12.609000,0 days 01:03:29.472000,1.0,3
2023-04-02 05:04:31.550,0,0,0,0,False,1,car,0 days 00:01:12.865000,0 days 01:03:29.728000,1212.5750000000005,1.0,OnTrack,-6600,7358,86,pos,0 days 00:01:12.909000,0 days 01:03:29.772000,1.0,3
2023-04-02 05:04:31.910,0,0,0,0,False,1,car,0 days 00:01:13.225000,0 days 01:03:30.088000,1212.5750000000005,1.0,OnTrack,-6600,7358,86,pos,0 days 00:01:13.209000,0 days 01:03:30.072000,1.0,3
2023-04-02 05:04:32.150,0,0,0,0,False,1,car,0 days 00:01:13.465000,0 days 01:03:30.328000,1212.5750000000005,1.0,OnTrack,-6600,7358,86,pos,0 days 00:01:13.369000,0 days 01:03:30.232000,1.0,3
2023-04-02 05:04:32.350,0,0,0,0,False,1,car,0 days 00:01:13.665000,0 days 01:03:30.528000,1212.5750000000005,1.0,OnTrack,-6600,7358,86,pos,0 days 00:01:13.729000,0 days 01:03:30.592000,1.0,3
2023-04-02 05:04:32.510,0,0,0,0,False,1,car,0 days 00:01:13.825000,0 days 01:03:30.688000,1212.5750000000005,1.0,OnTrack,-6600,7358,86,pos,0 days 00:01:13.729000,0 days 01:03:30.592000,1.0,3
2023-04-02 05:04:32.710,0,0,0,0,False,1,car,0 days 00:01:14.025000,0 days 01:03:30.888000,1212.5750000000005,1.0,OnTrack,-6600,7358,86,pos,0 days 00:01:13.949000,0 days 01:03:30.812000,1.0,3
2023-04-02 05:04:32.990,0,0,0,0,False,1,car,0 days 00:01:14.305000,0 days 01:03:31.168000,1212.5750000000005,1.0,OnTrack,-6600,7358,86,pos,0 days 00:01:14.149000,0 days 01:03:31.012000,1.0,3
2023-04-02 05:04:33.150,0,0,0,0,False,1,car,0 days 00:01:14.465000,0 days 01:03:31.328000,1212.5750000000005,1.0,OnTrack,-6600,7358,86,pos,0 days 00:01:14.489000,0 days 01:03:31.352000,1.0,3
2023-04-02 05:04:33.430,0,0,0,0,False,1,car,0 days 00:01:14.745000,0 days 01:03:31.608000,1212.5750000000005,1.0,OnTrack,-6600,7358,86,pos,0 days 00:01:14.749000,0 days 01:03:31.612000,1.0,3
2023-04-02 05:04:33.590,0,0,0,0,False,1,car,0 days 00:01:14.905000,0 days 01:03:31.768000,1212.5750000000005,1.0,OnTrack,-6600,7358,86,pos,0 days 00:01:14.949000,0 days 01:03:31.812000,1.0,3
2023-04-02 05:04:34.030,0,0,0,0,False,1,car,0 days 00:01:15.345000,0 days 01:03:32.208000,1212.5750000000005,1.0,OnTrack,-6600,7358,86,pos,0 days 00:01:15.430000,0 days 01:03:32.293000,1.0,3
2023-04-02 05:04:34.391,0,0,0,0,False,1,car,0 days 00:01:15.706000,0 days 01:03:32.569000,1212.5750000000005,1.0,OnTrack,-6600,7358,86,pos,0 days 00:01:15.830000,0 days 01:03:32.693000,1.0,3
2023-04-02 05:04:34.550,0,0,0,0,False,1,car,0 days 00:01:15.865000,0 days 01:03:32.728000,1212.5750000000005,1.0,OnTrack,-6600,7358,86,pos,0 days 00:01:15.830000,0 days 01:03:32.693000,1.0,3
2023-04-02 05:04:34.790,0,0,0,0,False,1,car,0 days 00:01:16.105000,0 days 01:03:32.968000,1212.5750000000005,1.0,OnTrack,-6600,7358,86,pos,0 days 00:01:16.250000,0 days 01:03:33.113000,1.0,3
2023-04-02 05:04:34.990,0,0,0,0,False,1,car,0 days 00:01:16.305000,0 days 01:03:33.168000,1212.5750000000005,1.0,OnTrack,-6600,7358,86,pos,0 days 00:01:16.250000,0 days 01:03:33.113000,1.0,3
2023-04-02 05:04:35.150,0,0,0,0,False,1,car,0 days 00:01:16.465000,0 days 01:03:33.328000,1212.5750000000005,1.0,OnTrack,-6600,7358,86,pos,0 days 00:01:16.650000,0 days 01:03:33.513000,1.0,3
2023-04-02 05:04:35.390,0,0,0,0,False,1,car,0 days 00:01:16.705000,0 days 01:03:33.568000,1212.5750000000005,1.0,OnTrack,-6600,7358,86,pos,0 days 00:01:16.650000,0 days 01:03:33.513000,1.0,3
2023-04-02 05:04:35.630,0,0,0,0,False,1,car,0 days 00:01:16.945000,0 days 01:03:33.808000,1212.5750000000005,1.0,OnTrack,-6600,7358,86,pos,0 days 00:01:16.850000,0 days 01:03:33.713000,1.0,3
2023-04-02 05:04:35.870,0,0,0,0,False,1,car,0 days 00:01:17.185000,0 days 01:03:34.048000,1212.5750000000005,1.0,OnTrack,-6600,7358,86,pos,0 days 00:01:17.070000,0 days 01:03:33.933000,1.0,3
2023-04-02 05:04:36.030,0,0,0,0,False,1,car,0 days 00:01:17.345000,0 days 01:03:34.208000,1212.5750000000005,1.0,OnTrack,-6600,7358,86,pos,0 days 00:01:17.410000,0 days 01:03:34.273000,1.0,3
2023-04-02 05:04:36.230,0,0,0,0,False,1,car,0 days 00:01:17.545000,0 days 01:03:34.408000,1212.5750000000005,1.0,OnTrack,-6600,7358,86,pos,0 days 00:01:17.590000,0 days 01:03:34.453000,1.0,3
2023-04-02 05:04:36.510,0,0,0,0,False,1,car,0 days 00:01:17.825000,0 days 01:03:34.688000,1212.5750000000005,1.0,OnTrack,-6600,7358,86,pos,0 days 00:01:17.850000,0 days 01:03:34.713000,1.0,3
2023-04-02 05:04:36.750,0,0,0,0,False,1,car,0 days 00:01:18.065000,0 days 01:03:34.928000,1212.5750000000005,1.0,OnTrack,-6600,7358,86,pos,0 days 00:01:18.130000,0 days 01:03:34.993000,1.0,3
2023-04-02 05:04:36.910,0,0,0,0,False,1,car,0 days 00:01:18.225000,0 days 01:03:35.088000,1212.5750000000005,1.0,OnTrack,-6600,7358,86,pos,0 days 00:01:18.130000,0 days 01:03:34.993000,1.0,3
2023-04-02 05:04:37.110,0,0,0,0,False,1,car,0 days 00:01:18.425000,0 days 01:03:35.288000,1212.5750000000005,1.0,OnTrack,-6600,7358,86,pos,0 days 00:01:18.510000,0 days 01:03:35.373000,1.0,3
2023-04-02 05:04:37.550,0,0,0,0,False,1,car,0 days 00:01:18.865000,0 days 01:03:35.728000,1212.5750000000005,1.0,OnTrack,-6600,7358,86,pos,0 days 00:01:18.829000,0 days 01:03:35.692000,1.0,3
2023-04-02 05:04:37.990,0,0,0,0,False,1,car,0 days 00:01:19.305000,0 days 01:03:36.168000,1212.5750000000005,1.0,OnTrack,-6600,7358,86,pos,0 days 00:01:19.369000,0 days 01:03:36.232000,1.0,3
2023-04-02 05:04:38.190,0,0,0,0,False,1,car,0 days 00:01:19.505000,0 days 01:03:36.368000,1212.5750000000005,1.0,OnTrack,-6600,7358,86,pos,0 days 00:01:19.369000,0 days 01:03:36.232000,1.0,3
2023-04-02 05:04:38.510,0,0,0,0,False,1,car,0 days 00:01:19.825000,0 days 01:03:36.688000,1212.5750000000005,1.0,OnTrack,-6600,7358,86,pos,0 days 00:01:19.369000,0 days 01:03:36.232000,1.0,3
2023-04-02 05:04:39.550,0,0,0,0,False,1,car,0 days 00:01:20.865000,0 days 01:03:37.728000,1212.5750000000005,1.0,OnTrack,-6600,7358,86,pos,0 days 00:01:20.989000,0 days 01:03:37.852000,1.0,3
2023-04-02 05:04:39.830,0,0,0,0,False,1,car,0 days 00:01:21.145000,0 days 01:03:38.008000,1212.5750000000005,1.0,OnTrack,-6600,7358,86,pos,0 days 00:01:21.169000,0 days 01:03:38.032000,1.0,3
2023-04-02 05:04:39.990,0,0,0,0,False,1,car,0 days 00:01:21.305000,0 days 01:03:38.168000,1212.5750000000005,1.0,OnTrack,-6600,7358,86,pos,0 days 00:01:21.169000,0 days 01:03:38.032000,1.0,3
2023-04-02 05:04:40.350,0,0,0,0,False,1,car,0 days 00:01:21.665000,0 days 01:03:38.528000,1212.5750000000005,1.0,OnTrack,-6600,7358,86,pos,0 days 00:01:21.609000,0 days 01:03:38.472000,1.0,3
2023-04-02 05:04:40.630,0,0,0,0,False,1,car,0 days 00:01:21.945000,0 days 01:03:38.808000,1212.5750000000005,1.0,OnTrack,-6600,7358,86,pos,0 days 00:01:21.930000,0 days 01:03:38.793000,1.0,3
2023-04-02 05:04:40.951,0,0,0,0,False,1,car,0 days 00:01:22.266000,0 days 01:03:39.129000,1212.5750000000005,1.0,OnTrack,-6600,7358,86,pos,0 days 00:01:22.210000,0 days 01:03:39.073000,1.0,3
2023-04-02 05:04:41.151,0,0,0,0,False,1,car,0 days 00:01:22.466000,0 days 01:03:39.329000,1212.5750000000005,1.0,OnTrack,-6600,7358,86,pos,0 days 00:01:22.510000,0 days 01:03:39.373000,1.0,3
2023-04-02 05:04:41.430,0,0,0,0,False,1,car,0 days 00:01:22.745000,0 days 01:03:39.608000,1212.5750000000005,1.0,OnTrack,-6600,7358,86,pos,0 days 00:01:22.730000,0 days 01:03:39.593000,1.0,3
2023-04-02 05:04:41.590,0,0,0,0,False,1,car,0 days 00:01:22.905000,0 days 01:03:39.768000,1212.5750000000005,1.0,OnTrack,-6600,7358,86,pos,0 days 00:01:22.730000,0 days 01:03:39.593000,1.0,3
2023-04-02 05:04:41.990,0,0,0,0,False,1,car,0 days 00:01:23.305000,0 days 01:03:40.168000,1212.5750000000005,1.0,OnTrack,-6600,7358,86,pos,0 days 00:01:23.310000,0 days 01:03:40.173000,1.0,3
2023-04-02 05:04:42.230,0,0,0,0,False,1,car,0 days 00:01:23.545000,0 days 01:03:40.408000,1212.5750000000005,1.0,OnTrack,-6600,7358,86,pos,0 days 00:01:23.630000,0 days 01:03:40.493000,1.0,3
2023-04-02 05:04:42.430,0,0,0,0,False,1,car,0 days 00:01:23.745000,0 days 01:03:40.608000,1212.5750000000005,1.0,OnTrack,-6600,7358,86,pos,0 days 00:01:23.630000,0 days 01:03:40.493000,1.0,3
2023-04-02 05:04:42.590,0,0,0,0,False,1,car,0 days 00:01:23.905000,0 days 01:03:40.768000,1212.5750000000005,1.0,OnTrack,-6600,7358,86,pos,0 days 00:01:23.870000,0 days 01:03:40.733000,1.0,3
2023-04-02 05:04:42.830,0,0,0,0,False,1,car,0 days 00:01:24.145000,0 days 01:03:41.008000,1212.5750000000005,1.0,OnTrack,-6600,7358,86,pos,0 days 00:01:24.270000,0 days 01:03:41.133000,1.0,3
2023-04-02 05:04:42.990,0,0,0,0,False,1,car,0 days 00:01:24.305000,0 days 01:03:41.168000,1212.5750000000005,1.0,OnTrack,-6600,7358,86,pos,0 days 00:01:24.270000,0 days 01:03:41.133000,1.0,3
2023-04-02 05:04:43.230,0,0,0,0,False,1,car,0 days 00:01:24.545000,0 days 01:03:41.408000,1212.5750000000005,1.0,OnTrack,-6600,7358,86,pos,0 days 00:01:24.510000,0 days 01:03:41.373000,1.0,3
2023-04-02 05:04:43.430,0,0,0,0,False,1,car,0 days 00:01:24.745000,0 days 01:03:41.608000,1212.5750000000005,1.0,OnTrack,-6600,7358,86,pos,0 days 00:01:24.890000,0 days 01:03:41.753000,1.0,3
2023-04-02 05:04:43.670,0,0,0,0,False,1,car,0 days 00:01:24.985000,0 days 01:03:41.848000,1212.5750000000005,1.0,OnTrack,-6600,7358,86,pos,0 days 00:01:24.890000,0 days 01:03:41.753000,1.0,3
2023-04-02 05:04:43.910,0,0,0,0,False,1,car,0 days 00:01:25.225000,0 days 01:03:42.088000,1212.5750000000005,1.0,OnTrack,-6600,7358,86,pos,0 days 00:01:25.249000,0 days 01:03:42.112000,1.0,3
2023-04-02 05:04:44.110,0,0,0,0,False,1,car,0 days 00:01:25.425000,0 days 01:03:42.288000,1212.5750000000005,1.0,OnTrack,-6600,7358,86,pos,0 days 00:01:25.589000,0 days 01:03:42.452000,1.0,3
2023-04-02 05:04:44.310,0,0,0,0,False,1,car,0 days 00:01:25.625000,0 days 01:03:42.488000,1212.5750000000005,1.0,OnTrack,-6600,7358,86,pos,0 days 00:01:25.589000,0 days 01:03:42.452000,1.0,3
2023-04-02 05:04:44.510,0,0,0,0,False,1,car,0 days 00:01:25.825000,0 days 01:03:42.688000,1212.5750000000005,1.0,OnTrack,-6600,7358,86,pos,0 days 00:01:25.769000,0 days 01:03:42.632000,1.0,3
2023-04-02 05:04:44.710,0,0,0,0,False,1,car,0 days 00:01:26.025000,0 days 01:03:42.888000,1212.5750000000005,1.0,OnTrack,-6600,7358,86,pos,0 days 00:01:25.989000,0 days 01:03:42.852000,1.0,3
2023-04-02 05:04:44.870,0,0,0,0,False,1,car,0 days 00:01:26.185000,0 days 01:03:43.048000,1212.5750000000005,1.0,OnTrack,-6600,7358,86,pos,0 days 00:01:26.169000,0 days 01:03:43.032000,1.0,3
2023-04-02 05:04:45.030,0,0,0,0,False,1,car,0 days 00:01:26.345000,0 days 01:03:43.208000,1212.5750000000005,1.0,OnTrack,-6600,7358,86,pos,0 days 00:01:26.409000,0 days 01:03:43.272000,1.0,3
2023-04-02 05:04:45.270,0,0,0,0,False,1,car,0 days 00:01:26.585000,0 days 01:03:43.448000,1212.5750000000005,1.0,OnTrack,-6600,7358,86,pos,0 days 00:01:26.609000,0 days 01:03:43.472000,1.0,3
2023-04-02 05:04:45.590,0,0,0,0,False,1,car,0 days 00:01:26.905000,0 days 01:03:43.768000,1212.5750000000005,1.0,OnTrack,-6601,7358,86,pos,0 days 00:01:26.909000,0 days 01:03:43.772000,1.0,3
2023-04-02 05:04:45.910,0,0,0,0,False,1,car,0 days 00:01:27.225000,0 days 01:03:44.088000,1212.5750000000005,1.0,OnTrack,-6601,7358,86,pos,0 days 00:01:27.229000,0 days 01:03:44.092000,1.0,3
2023-04-02 05:04:46.110,0,0,0,0,False,1,car,0 days 00:01:27.425000,0 days 01:03:44.288000,1212.5750000000005,1.0,OnTrack,-6601,7358,86,pos,0 days 00:01:27.389000,0 days 01:03:44.252000,1.0,3
2023-04-02 05:04:46.390,0,0,0,0,False,1,car,0 days 00:01:27.705000,0 days 01:03:44.568000,1212.5750000000005,1.0,OnTrack,-6601,7358,86,pos,0 days 00:01:27.869000,0 days 01:03:44.732000,1.0,3
2023-04-02 05:04:46.790,0,0,0,0,False,1,car,0 days 00:01:28.105000,0 days 01:03:44.968000,1212.5750000000005,1.0,OnTrack,-6601,7358,86,pos,0 days 00:01:27.989000,0 days 01:03:44.852000,1.0,3
2023-04-02 05:04:46.990,0,0,0,0,False,1,car,0 days 00:01:28.305000,0 days 01:03:45.168000,1212.5750000000005,1.0,OnTrack,-6601,7358,86,pos,0 days 00:01:28.249000,0 days 01:03:45.112000,1.0,3
2023-04-02 05:04:47.150,0,0,0,0,False,1,car,0 days 00:01:28.465000,0 days 01:03:45.328000,1212.5750000000005,1.0,OnTrack,-6601,7358,86,pos,0 days 00:01:28.650000,0 days 01:03:45.513000,1.0,3
2023-04-02 05:04:47.310,0,0,0,0,False,1,car,0 days 00:01:28.625000,0 days 01:03:45.488000,1212.5750000000005,1.0,OnTrack,-6601,7358,86,pos,0 days 00:01:28.650000,0 days 01:03:45.513000,1.0,3
2023-04-02 05:04:47.631,0,0,0,0,False,1,car,0 days 00:01:28.946000,0 days 01:03:45.809000,1212.5750000000005,1.0,OnTrack,-6601,7358,86,pos,0 days 00:01:29.130000,0 days 01:03:45.993000,1.0,3
2023-04-02 05:04:47.831,0,0,0,0,False,1,car,0 days 00:01:29.146000,0 days 01:03:46.009000,1212.5750000000005,1.0,OnTrack,-6601,7358,86,pos,0 days 00:01:29.130000,0 days 01:03:45.993000,1.0,3
2023-04-02 05:04:48.230,0,0,0,0,False,1,car,0 days 00:01:29.545000,0 days 01:03:46.408000,1212.5750000000005,1.0,OnTrack,-6601,7358,86,pos,0 days 00:01:29.690000,0 days 01:03:46.553000,1.0,3
2023-04-02 05:04:48.670,0,0,0,0,False,1,car,0 days 00:01:29.985000,0 days 01:03:46.848000,1212.5750000000005,1.0,OnTrack,-6601,7358,86,pos,0 days 00:01:29.990000,0 days 01:03:46.853000,1.0,3
2023-04-02 05:04:48.990,0,0,0,0,False,1,car,0 days 00:01:30.305000,0 days 01:03:47.168000,1212.5750000000005,1.0,OnTrack,-6601,7358,86,pos,0 days 00:01:30.290000,0 days 01:03:47.153000,1.0,3
2023-04-02 05:04:49.310,0,0,0,0,False,1,car,0 days 00:01:30.625000,0 days 01:03:47.488000,1212.5750000000005,1.0,OnTrack,-6601,7358,86,pos,0 days 00:01:30.690000,0 days 01:03:47.553000,1.0,3
2023-04-02 05:04:49.470,0,0,0,0,False,1,car,0 days 00:01:30.785000,0 days 01:03:47.648000,1212.5750000000005,1.0,OnTrack,-6601,7358,86,pos,0 days 00:01:30.690000,0 days 01:03:47.553000,1.0,3
2023-04-02 05:04:49.750,0,0,0,0,False,1,car,0 days 00:01:31.065000,0 days 01:03:47.928000,1212.5750000000005,1.0,OnTrack,-6601,7358,86,pos,0 days 00:01:31.030000,0 days 01:03:47.893000,1.0,3
2023-04-02 05:04:50.430,0,0,0,0,False,1,car,0 days 00:01:31.745000,0 days 01:03:48.608000,1212.5750000000005,1.0,OnTrack,-6601,7358,86,pos,0 days 00:01:31.709000,0 days 01:03:48.572000,1.0,3
2023-04-02 05:04:50.750,0,0,0,0,False,1,car,0 days 00:01:32.065000,0 days 01:03:48.928000,1212.5750000000005,1.0,OnTrack,-6601,7358,86,pos,0 days 00:01:32.109000,0 days 01:03:48.972000,1.0,3
2023-04-02 05:04:51.030,0,0,0,0,False,1,car,0 days 00:01:32.345000,0 days 01:03:49.208000,1212.5750000000005,1.0,OnTrack,-6601,7358,86,pos,0 days 00:01:32.309000,0 days 01:03:49.172000,1.0,3
2023-04-02 05:04:51.230,0,0,0,0,False,1,car,0 days 00:01:32.545000,0 days 01:03:49.408000,1212.5750000000005,1.0,OnTrack,-6601,7358,86,pos,0 days 00:01:32.649000,0 days 01:03:49.512000,1.0,3
2023-04-02 05:04:51.550,0,0,0,0,False,1,car,0 days 00:01:32.865000,0 days 01:03:49.728000,1212.5750000000005,1.0,OnTrack,-6601,7358,86,pos,0 days 00:01:32.869000,0 days 01:03:49.732000,1.0,3
2023-04-02 05:04:51.750,0,0,0,0,False,1,car,0 days 00:01:33.065000,0 days 01:03:49.928000,1212.5750000000005,1.0,OnTrack,-6601,7358,86,pos,0 days 00:01:33.029000,0 days 01:03:49.892000,1.0,3
2023-04-02 05:04:51.950,0,0,0,0,False,1,car,0 days 00:01:33.265000,0 days 01:03:50.128000,1212.5750000000005,1.0,OnTrack,-6601,7358,86,pos,0 days 00:01:33.489000,0 days 01:03:50.352000,1.0,3
2023-04-02 05:04:52.150,0,0,0,0,False,1,car,0 days 00:01:33.465000,0 days 01:03:50.328000,1212.5750000000005,1.0,OnTrack,-6601,7358,86,pos,0 days 00:01:33.489000,0 days 01:03:50.352000,1.0,3
2023-04-02 05:04:52.310,0,0,0,0,False,1,car,0 days 00:01:33.625000,0 days 01:03:50.488000,1212.5750000000005,1.0,OnTrack,-6601,7358,86,pos,0 days 00:01:33.489000,0 days 01:03:50.352000,1.0,3
2023-04-02 05:04:52.470,0,0,0,0,False,1,car,0 days 00:01:33.785000,0 days 01:03:50.648000,1212.5750000000005,1.0,OnTrack,-6601,7358,86,pos,0 days 00:01:33.769000,0 days 01:03:50.632000,1.0,3
2023-04-02 05:04:52.750,0,0,0,0,False,1,car,0 days 00:01:34.065000,0 days 01:03:50.928000,1212.5750000000005,1.0,OnTrack,-6601,7358,86,pos,0 days 00:01:33.969000,0 days 01:03:50.832000,1.0,3
2023-04-02 05:04:52.910,0,0,0,0,False,1,car,0 days 00:01:34.225000,0 days 01:03:51.088000,1212.5750000000005,1.0,OnTrack,-6601,7358,86,pos,0 days 00:01:34.169000,0 days 01:03:51.032000,1.0,3
2023-04-02 05:04:53.190,0,0,0,0,False,1,car,0 days 00:01:34.505000,0 days 01:03:51.368000,1212.5750000000005,1.0,OnTrack,-6601,7358,86,pos,0 days 00:01:34.529000,0 days 01:03:51.392000,1.0,3
2023-04-02 05:04:53.350,0,0,0,0,False,1,car,0 days 00:01:34.665000,0 days 01:03:51.528000,1212.5750000000005,1.0,OnTrack,-6601,7358,86,pos,0 days 00:01:34.729000,0 days 01:03:51.592000,1.0,3
2023-04-02 05:04:53.590,0,0,0,0,False,1,car,0 days 00:01:34.905000,0 days 01:03:51.768000,1212.5750000000005,1.0,OnTrack,-6601,7358,86,pos,0 days 00:01:34.989000,0 days 01:03:51.852000,1.0,3
2023-04-02 05:04:53.750,0,0,0,0,False,1,car,0 days 00:01:35.065000,0 days 01:03:51.928000,1212.5750000000005,1.0,OnTrack,-6601,7358,86,pos,0 days 00:01:34.989000,0 days 01:03:51.852000,1.0,3
2023-04-02 05:04:54.071,0,0,0,0,False,1,car,0 days 00:01:35.386000,0 days 01:03:52.249000,1212.5750000000005,1.0,OnTrack,-6601,7358,86,pos,0 days 00:01:35.390000,0 days 01:03:52.253000,1.0,3
2023-04-02 05:04:54.311,0,0,0,0,False,1,car,0 days 00:01:35.626000,0 days 01:03:52.489000,1212.5750000000005,1.0,OnTrack,-6601,7358,86,pos,0 days 00:01:35.650000,0 days 01:03:52.513000,1.0,3
2023-04-02 05:04:54.711,0,0,0,0,False,1,car,0 days 00:01:36.026000,0 days 01:03:52.889000,1212.5750000000005,1.0,OnTrack,-6601,7358,86,pos,0 days 00:01:35.950000,0 days 01:03:52.813000,1.0,3
2023-04-02 05:04:54.990,0,0,0,0,False,1,car,0 days 00:01:36.305000,0 days 01:03:53.168000,1212.5750000000005,1.0,OnTrack,-6601,7358,86,pos,0 days 00:01:36.230000,0 days 01:03:53.093000,1.0,3
2023-04-02 05:04:55.230,0,0,0,0,False,1,car,0 days 00:01:36.545000,0 days 01:03:53.408000,1212.5750000000005,1.0,OnTrack,-6601,7358,86,pos,0 days 00:01:36.470000,0 days 01:03:53.333000,1.0,3
2023-04-02 05:04:55.590,0,0,0,0,False,1,car,0 days 00:01:36.905000,0 days 01:03:53.768000,1212.5750000000005,1.0,OnTrack,-6601,7358,86,pos,0 days 00:01:36.990000,0 days 01:03:53.853000,1.0,3
2023-04-02 05:04:55.870,0,0,0,0,False,1,car,0 days 00:01:37.185000,0 days 01:03:54.048000,1212.5750000000005,1.0,OnTrack,-6601,7358,86,pos,0 days 00:01:36.990000,0 days 01:03:53.853000,1.0,3
2023-04-02 05:04:56.070,0,0,0,0,False,1,car,0 days 00:01:37.385000,0 days 01:03:54.248000,1212.5750000000005,1.0,OnTrack,-6601,7358,86,pos,0 days 00:01:37.770000,0 days 01:03:54.633000,1.0,3
2023-04-02 05:04:56.310,0,0,0,0,False,1,car,0 days 00:01:37.625000,0 days 01:03:54.488000,1212.5750000000005,1.0,OnTrack,-6601,7358,86,pos,0 days 00:01:37.770000,0 days 01:03:54.633000,1.0,3
2023-04-02 05:04:56.590,0,0,0,0,False,1,car,0 days 00:01:37.905000,0 days 01:03:54.768000,1212.5750000000005,1.0,OnTrack,-6601,7358,86,pos,0 days 00:01:37.770000,0 days 01:03:54.633000,1.0,3
